runtime,write_alg,read_alg,count,batch,write_ops/s,read_ops/s
go,rnd,rnd,100000,5000,61618,929368
go,rnd,rnd,100000,5000,62177,913242
go,rnd,rnd,100000,5000,62695,920810
go,rnd,rnd,100000,5000,63035,929368
go,rnd,rnd,100000,5000,63311,913242
go,rnd,rnd,100000,10000,106553,922509
go,rnd,rnd,100000,10000,106689,906618
go,rnd,rnd,100000,10000,107365,909918
go,rnd,rnd,100000,10000,107492,918273
go,rnd,rnd,100000,10000,107898,914076
go,rnd,rnd,100000,25000,95265,870322
go,rnd,rnd,100000,25000,95556,918273
go,rnd,rnd,100000,25000,95978,885739
go,rnd,rnd,100000,25000,96721,910746
go,rnd,rnd,100000,25000,96908,909090
go,rnd,rnd,100000,50000,25477,904159
go,rnd,rnd,100000,50000,25591,924214
go,rnd,rnd,100000,50000,25746,915750
go,rnd,rnd,100000,50000,25767,904977
go,rnd,rnd,100000,50000,25814,906618
go,rnd,rnd,100000,100000,6026,924214
go,rnd,rnd,100000,100000,6033,931966
go,rnd,rnd,100000,100000,6037,920810
go,rnd,rnd,100000,100000,6038,916590
go,rnd,rnd,100000,100000,6041,909918
go,rnd,rnd,1000000,5000,21318,681663
go,rnd,rnd,1000000,5000,21512,683526
go,rnd,rnd,1000000,5000,21601,724112
go,rnd,rnd,1000000,5000,21614,727272
go,rnd,rnd,1000000,5000,21740,684462
go,rnd,rnd,1000000,10000,29935,678886
go,rnd,rnd,1000000,10000,31712,680735
go,rnd,rnd,1000000,10000,31949,682593
go,rnd,rnd,1000000,10000,32067,673400
go,rnd,rnd,1000000,10000,32217,676132
go,rnd,rnd,1000000,25000,62030,716332
go,rnd,rnd,1000000,25000,62038,696864
go,rnd,rnd,1000000,25000,62223,701262
go,rnd,rnd,1000000,25000,62270,712758
go,rnd,rnd,1000000,25000,62617,661813
go,rnd,rnd,1000000,50000,89190,714285
go,rnd,rnd,1000000,50000,89960,710732
go,rnd,rnd,1000000,50000,90073,715819
go,rnd,rnd,1000000,50000,90252,675219
go,rnd,rnd,1000000,50000,90497,717875
go,rnd,rnd,1000000,100000,47637,709219
go,rnd,rnd,1000000,100000,47657,711237
go,rnd,rnd,1000000,100000,47746,707213
go,rnd,rnd,1000000,100000,47851,709219
go,rnd,rnd,1000000,100000,47906,677966
go,rnd,seq,100000,5000,60441,55555555
go,rnd,seq,100000,5000,62359,55555555
go,rnd,seq,100000,5000,62484,55555555
go,rnd,seq,100000,5000,62790,55555555
go,rnd,seq,100000,5000,62873,55555555
go,rnd,seq,100000,10000,106326,55555555
go,rnd,seq,100000,10000,106575,52631578
go,rnd,seq,100000,10000,106940,52631578
go,rnd,seq,100000,10000,107146,55555555
go,rnd,seq,100000,10000,107735,55555555
go,rnd,seq,100000,25000,95038,52631578
go,rnd,seq,100000,25000,95310,55555555
go,rnd,seq,100000,25000,95629,52631578
go,rnd,seq,100000,25000,95868,55555555
go,rnd,seq,100000,25000,96283,52631578
go,rnd,seq,100000,50000,25641,55555555
go,rnd,seq,100000,50000,25681,55555555
go,rnd,seq,100000,50000,25761,55555555
go,rnd,seq,100000,50000,25791,55555555
go,rnd,seq,100000,50000,25807,55555555
go,rnd,seq,100000,100000,5855,50000000
go,rnd,seq,100000,100000,5896,52631578
go,rnd,seq,100000,100000,5905,50000000
go,rnd,seq,100000,100000,5930,50000000
go,rnd,seq,100000,100000,5931,50000000
go,rnd,seq,1000000,5000,21052,52631578
go,rnd,seq,1000000,5000,21209,52631578
go,rnd,seq,1000000,5000,21214,52631578
go,rnd,seq,1000000,5000,21363,52631578
go,rnd,seq,1000000,5000,21396,52631578
go,rnd,seq,1000000,10000,31469,52631578
go,rnd,seq,1000000,10000,31534,52631578
go,rnd,seq,1000000,10000,31565,52631578
go,rnd,seq,1000000,10000,31605,52631578
go,rnd,seq,1000000,10000,31622,52631578
go,rnd,seq,1000000,25000,60595,52631578
go,rnd,seq,1000000,25000,61072,52631578
go,rnd,seq,1000000,25000,61132,52631578
go,rnd,seq,1000000,25000,61270,52631578
go,rnd,seq,1000000,25000,61667,50000000
go,rnd,seq,1000000,50000,89142,52631578
go,rnd,seq,1000000,50000,89333,52631578
go,rnd,seq,1000000,50000,89629,52631578
go,rnd,seq,1000000,50000,89766,52631578
go,rnd,seq,1000000,50000,89984,52631578
go,rnd,seq,1000000,100000,46048,50000000
go,rnd,seq,1000000,100000,47409,50000000
go,rnd,seq,1000000,100000,47612,50000000
go,rnd,seq,1000000,100000,47698,50000000
go,rnd,seq,1000000,100000,47798,50000000
go,rnd-nest,rnd,100000,5000,73480,855431
go,rnd-nest,rnd,100000,5000,76669,853242
go,rnd-nest,rnd,100000,5000,77309,853970
go,rnd-nest,rnd,100000,5000,77441,854700
go,rnd-nest,rnd,100000,5000,78045,854700
go,rnd-nest,rnd,100000,10000,87275,710227
go,rnd-nest,rnd,100000,10000,87842,713775
go,rnd-nest,rnd,100000,10000,88230,709219
go,rnd-nest,rnd,100000,10000,88440,710732
go,rnd-nest,rnd,100000,10000,88754,710227
go,rnd-nest,rnd,100000,25000,39285,712250
go,rnd-nest,rnd,100000,25000,39377,707213
go,rnd-nest,rnd,100000,25000,39550,711743
go,rnd-nest,rnd,100000,25000,39553,709219
go,rnd-nest,rnd,100000,25000,39820,670690
go,rnd-nest,rnd,100000,50000,13508,688231
go,rnd-nest,rnd,100000,50000,13601,701754
go,rnd-nest,rnd,100000,50000,13629,660938
go,rnd-nest,rnd,100000,50000,13634,700280
go,rnd-nest,rnd,100000,50000,13649,701754
go,rnd-nest,rnd,1000000,5000,77369,596658
go,rnd-nest,rnd,1000000,5000,77730,601684
go,rnd-nest,rnd,1000000,5000,77893,597014
go,rnd-nest,rnd,1000000,5000,77905,601684
go,rnd-nest,rnd,1000000,5000,78033,594177
go,rnd-nest,rnd,1000000,10000,92157,591016
go,rnd-nest,rnd,1000000,10000,92250,592417
go,rnd-nest,rnd,1000000,10000,92259,593119
go,rnd-nest,rnd,1000000,10000,92344,599520
go,rnd-nest,rnd,1000000,10000,92867,592066
go,rnd-nest,rnd,1000000,25000,40756,594530
go,rnd-nest,rnd,1000000,25000,40773,594177
go,rnd-nest,rnd,1000000,25000,40798,581395
go,rnd-nest,rnd,1000000,25000,40879,589970
go,rnd-nest,rnd,1000000,25000,40899,598086
go,rnd-nest,rnd,1000000,50000,13822,591715
go,rnd-nest,rnd,1000000,50000,13833,600240
go,rnd-nest,rnd,1000000,50000,13841,587199
go,rnd-nest,rnd,1000000,50000,13842,598086
go,rnd-nest,rnd,1000000,50000,13877,600961
go,rnd-nest,seq,100000,5000,77375,50000000
go,rnd-nest,seq,100000,5000,78284,50000000
go,rnd-nest,seq,100000,5000,78369,50000000
go,rnd-nest,seq,100000,5000,78777,50000000
go,rnd-nest,seq,100000,5000,79032,50000000
go,rnd-nest,seq,100000,10000,86964,50000000
go,rnd-nest,seq,100000,10000,87206,50000000
go,rnd-nest,seq,100000,10000,87320,50000000
go,rnd-nest,seq,100000,10000,88300,50000000
go,rnd-nest,seq,100000,10000,88597,50000000
go,rnd-nest,seq,100000,25000,39044,50000000
go,rnd-nest,seq,100000,25000,39143,50000000
go,rnd-nest,seq,100000,25000,39160,50000000
go,rnd-nest,seq,100000,25000,39197,50000000
go,rnd-nest,seq,100000,25000,39206,50000000
go,rnd-nest,seq,100000,50000,13590,52631578
go,rnd-nest,seq,100000,50000,13600,50000000
go,rnd-nest,seq,100000,50000,13619,50000000
go,rnd-nest,seq,100000,50000,13632,52631578
go,rnd-nest,seq,100000,50000,13635,50000000
go,rnd-nest,seq,1000000,5000,77924,45454545
go,rnd-nest,seq,1000000,5000,78548,45454545
go,rnd-nest,seq,1000000,5000,78851,45454545
go,rnd-nest,seq,1000000,5000,79132,45454545
go,rnd-nest,seq,1000000,5000,79993,45454545
go,rnd-nest,seq,1000000,10000,90252,45454545
go,rnd-nest,seq,1000000,10000,90309,45454545
go,rnd-nest,seq,1000000,10000,90473,45454545
go,rnd-nest,seq,1000000,10000,90834,45454545
go,rnd-nest,seq,1000000,10000,90843,45454545
go,rnd-nest,seq,1000000,25000,40126,45454545
go,rnd-nest,seq,1000000,25000,40175,45454545
go,rnd-nest,seq,1000000,25000,40260,45454545
go,rnd-nest,seq,1000000,25000,40371,45454545
go,rnd-nest,seq,1000000,25000,40386,45454545
go,rnd-nest,seq,1000000,50000,13760,45454545
go,rnd-nest,seq,1000000,50000,13764,45454545
go,rnd-nest,seq,1000000,50000,13767,45454545
go,rnd-nest,seq,1000000,50000,13768,45454545
go,rnd-nest,seq,1000000,50000,13775,45454545
go,seq,rnd,100000,5000,87382,913242
go,seq,rnd,100000,5000,90211,909918
go,seq,rnd,100000,5000,90293,914913
go,seq,rnd,100000,5000,90293,919117
go,seq,rnd,100000,5000,90375,915750
go,seq,rnd,100000,10000,148082,913242
go,seq,rnd,100000,10000,149812,911577
go,seq,rnd,100000,10000,150693,918273
go,seq,rnd,100000,10000,151148,911577
go,seq,rnd,100000,10000,151584,914913
go,seq,rnd,100000,25000,242013,919117
go,seq,rnd,100000,25000,243546,911577
go,seq,rnd,100000,25000,244200,913242
go,seq,rnd,100000,25000,244738,913242
go,seq,rnd,100000,25000,244798,909918
go,seq,rnd,100000,50000,294117,920810
go,seq,rnd,100000,50000,297353,911577
go,seq,rnd,100000,50000,298775,918273
go,seq,rnd,100000,50000,300390,914913
go,seq,rnd,100000,50000,303582,903342
go,seq,rnd,100000,100000,297353,909090
go,seq,rnd,100000,100000,300030,896057
go,seq,rnd,100000,100000,302663,913242
go,seq,rnd,100000,100000,305623,911577
go,seq,rnd,100000,100000,311817,909090
go,seq,rnd,1000000,5000,90090,673854
go,seq,rnd,1000000,5000,90228,671591
go,seq,rnd,1000000,5000,90309,678886
go,seq,rnd,1000000,5000,90719,669792
go,seq,rnd,1000000,5000,90801,676589
go,seq,rnd,1000000,10000,156936,669792
go,seq,rnd,1000000,10000,159083,651890
go,seq,rnd,1000000,10000,159387,657894
go,seq,rnd,1000000,10000,160487,660938
go,seq,rnd,1000000,10000,164446,666666
go,seq,rnd,1000000,25000,291460,676589
go,seq,rnd,1000000,25000,292654,678426
go,seq,rnd,1000000,25000,293255,675219
go,seq,rnd,1000000,25000,293427,674308
go,seq,rnd,1000000,25000,294724,660501
go,seq,rnd,1000000,50000,395100,673400
go,seq,rnd,1000000,50000,396196,675219
go,seq,rnd,1000000,50000,397772,679347
go,seq,rnd,1000000,50000,397930,675219
go,seq,rnd,1000000,50000,404858,672494
go,seq,rnd,1000000,100000,452079,674763
go,seq,rnd,1000000,100000,453103,675219
go,seq,rnd,1000000,100000,458295,681663
go,seq,rnd,1000000,100000,459770,678886
go,seq,rnd,1000000,100000,468384,674308
go,seq,rnd,1000000,250000,467071,672043
go,seq,rnd,1000000,250000,467726,677048
go,seq,rnd,1000000,250000,470366,679347
go,seq,rnd,1000000,250000,474383,669792
go,seq,rnd,1000000,250000,477099,667111
go,seq,rnd,1000000,500000,401929,677048
go,seq,rnd,1000000,500000,410004,672947
go,seq,rnd,1000000,500000,412031,681198
go,seq,rnd,1000000,500000,412711,669792
go,seq,rnd,1000000,500000,422475,685400
go,seq,seq,100000,5000,88230,50000000
go,seq,seq,100000,5000,89637,50000000
go,seq,seq,100000,5000,91132,50000000
go,seq,seq,100000,5000,91249,50000000
go,seq,seq,100000,5000,91617,52631578
go,seq,seq,100000,10000,148214,52631578
go,seq,seq,100000,10000,148456,52631578
go,seq,seq,100000,10000,149812,52631578
go,seq,seq,100000,10000,150015,52631578
go,seq,seq,100000,10000,151653,52631578
go,seq,seq,100000,25000,231964,52631578
go,seq,seq,100000,25000,232396,50000000
go,seq,seq,100000,25000,233590,52631578
go,seq,seq,100000,25000,235294,52631578
go,seq,seq,100000,25000,239808,52631578
go,seq,seq,100000,50000,286615,52631578
go,seq,seq,100000,50000,288600,52631578
go,seq,seq,100000,50000,293685,52631578
go,seq,seq,100000,50000,296208,50000000
go,seq,seq,100000,50000,297353,52631578
go,seq,seq,100000,100000,284738,52631578
go,seq,seq,100000,100000,288018,50000000
go,seq,seq,100000,100000,288350,52631578
go,seq,seq,100000,100000,290275,52631578
go,seq,seq,100000,100000,290866,50000000
go,seq,seq,1000000,5000,90065,47619047
go,seq,seq,1000000,5000,90138,47619047
go,seq,seq,1000000,5000,90637,47619047
go,seq,seq,1000000,5000,91441,47619047
go,seq,seq,1000000,5000,92824,47619047
go,seq,seq,1000000,10000,157158,47619047
go,seq,seq,1000000,10000,157430,47619047
go,seq,seq,1000000,10000,157703,47619047
go,seq,seq,1000000,10000,158302,45454545
go,seq,seq,1000000,10000,158353,47619047
go,seq,seq,1000000,25000,277392,47619047
go,seq,seq,1000000,25000,277546,47619047
go,seq,seq,1000000,25000,278164,47619047
go,seq,seq,1000000,25000,278473,47619047
go,seq,seq,1000000,25000,278706,47619047
go,seq,seq,1000000,50000,364033,47619047
go,seq,seq,1000000,50000,370507,47619047
go,seq,seq,1000000,50000,373971,47619047
go,seq,seq,1000000,50000,376364,47619047
go,seq,seq,1000000,50000,379362,47619047
go,seq,seq,1000000,100000,425170,47619047
go,seq,seq,1000000,100000,425170,47619047
go,seq,seq,1000000,100000,426985,47619047
go,seq,seq,1000000,100000,428449,47619047
go,seq,seq,1000000,100000,432338,47619047
go,seq,seq,1000000,250000,429553,47619047
go,seq,seq,1000000,250000,436300,47619047
go,seq,seq,1000000,250000,436681,47619047
go,seq,seq,1000000,250000,438020,47619047
go,seq,seq,1000000,250000,445235,45454545
go,seq,seq,1000000,500000,389256,47619047
go,seq,seq,1000000,500000,390472,47619047
go,seq,seq,1000000,500000,392618,47619047
go,seq,seq,1000000,500000,395569,47619047
go,seq,seq,1000000,500000,397140,47619047
go,seq-nest,rnd,100000,5000,91365,859845
go,seq-nest,rnd,100000,5000,91861,862812
go,seq-nest,rnd,100000,5000,92131,853242
go,seq-nest,rnd,100000,5000,92216,859106
go,seq-nest,rnd,100000,5000,92293,861326
go,seq-nest,rnd,100000,10000,156739,718390
go,seq-nest,rnd,100000,10000,158127,711743
go,seq-nest,rnd,100000,10000,159108,716845
go,seq-nest,rnd,100000,10000,159923,697350
go,seq-nest,rnd,100000,10000,163291,715819
go,seq-nest,rnd,100000,25000,255623,702247
go,seq-nest,rnd,100000,25000,255754,708717
go,seq-nest,rnd,100000,25000,257466,711237
go,seq-nest,rnd,100000,25000,261369,698812
go,seq-nest,rnd,100000,25000,263713,692041
go,seq-nest,rnd,100000,50000,286123,699300
go,seq-nest,rnd,100000,50000,305997,696864
go,seq-nest,rnd,100000,50000,310077,694927
go,seq-nest,rnd,100000,50000,318369,702247
go,seq-nest,rnd,100000,50000,318877,705218
go,seq-nest,rnd,100000,100000,294811,703729
go,seq-nest,rnd,100000,100000,299311,706713
go,seq-nest,rnd,100000,100000,301023,703234
go,seq-nest,rnd,100000,100000,306936,704225
go,seq-nest,rnd,100000,100000,310945,702247
go,seq-nest,rnd,1000000,5000,93668,592417
go,seq-nest,rnd,1000000,5000,93720,597371
go,seq-nest,rnd,1000000,5000,93958,594177
go,seq-nest,rnd,1000000,5000,94849,595238
go,seq-nest,rnd,1000000,5000,95084,595592
go,seq-nest,rnd,1000000,10000,171350,592417
go,seq-nest,rnd,1000000,10000,171614,594530
go,seq-nest,rnd,1000000,10000,171762,591016
go,seq-nest,rnd,1000000,10000,171909,593824
go,seq-nest,rnd,1000000,10000,172503,585137
go,seq-nest,rnd,1000000,25000,327439,591016
go,seq-nest,rnd,1000000,25000,327761,598086
go,seq-nest,rnd,1000000,25000,328731,601322
go,seq-nest,rnd,1000000,25000,328947,601684
go,seq-nest,rnd,1000000,25000,331016,597728
go,seq-nest,rnd,1000000,50000,467289,597728
go,seq-nest,rnd,1000000,50000,469043,594177
go,seq-nest,rnd,1000000,50000,469924,593824
go,seq-nest,rnd,1000000,50000,469924,597014
go,seq-nest,rnd,1000000,50000,472366,597728
go,seq-nest,rnd,1000000,100000,534188,589622
go,seq-nest,rnd,1000000,100000,535618,598444
go,seq-nest,rnd,1000000,100000,535905,601684
go,seq-nest,rnd,1000000,100000,537923,595238
go,seq-nest,rnd,1000000,100000,537923,597728
go,seq-nest,rnd,1000000,250000,540540,589970
go,seq-nest,rnd,1000000,250000,541125,599161
go,seq-nest,rnd,1000000,250000,550660,599880
go,seq-nest,rnd,1000000,250000,550964,591366
go,seq-nest,rnd,1000000,250000,558347,590667
go,seq-nest,rnd,1000000,500000,444642,591366
go,seq-nest,rnd,1000000,500000,448229,589970
go,seq-nest,rnd,1000000,500000,453514,595592
go,seq-nest,rnd,1000000,500000,459136,593119
go,seq-nest,rnd,1000000,500000,459347,587544
go,seq-nest,seq,100000,5000,87919,50000000
go,seq-nest,seq,100000,5000,91894,50000000
go,seq-nest,seq,100000,5000,92370,50000000
go,seq-nest,seq,100000,5000,92712,50000000
go,seq-nest,seq,100000,5000,92816,50000000
go,seq-nest,seq,100000,10000,154202,50000000
go,seq-nest,seq,100000,10000,156225,50000000
go,seq-nest,seq,100000,10000,157084,50000000
go,seq-nest,seq,100000,10000,163532,50000000
go,seq-nest,seq,100000,10000,164365,50000000
go,seq-nest,seq,100000,25000,241254,50000000
go,seq-nest,seq,100000,25000,251004,50000000
go,seq-nest,seq,100000,25000,251825,50000000
go,seq-nest,seq,100000,25000,253936,50000000
go,seq-nest,seq,100000,25000,254517,50000000
go,seq-nest,seq,100000,50000,298685,50000000
go,seq-nest,seq,100000,50000,300842,50000000
go,seq-nest,seq,100000,50000,300842,50000000
go,seq-nest,seq,100000,50000,303490,50000000
go,seq-nest,seq,100000,50000,310462,52631578
go,seq-nest,seq,100000,100000,282485,52631578
go,seq-nest,seq,100000,100000,284171,52631578
go,seq-nest,seq,100000,100000,289603,52631578
go,seq-nest,seq,100000,100000,291715,52631578
go,seq-nest,seq,100000,100000,297530,50000000
go,seq-nest,seq,1000000,5000,93641,45454545
go,seq-nest,seq,1000000,5000,93668,45454545
go,seq-nest,seq,1000000,5000,93773,45454545
go,seq-nest,seq,1000000,5000,93852,45454545
go,seq-nest,seq,1000000,5000,93958,45454545
go,seq-nest,seq,1000000,10000,165425,45454545
go,seq-nest,seq,1000000,10000,166611,45454545
go,seq-nest,seq,1000000,10000,167672,45454545
go,seq-nest,seq,1000000,10000,167897,45454545
go,seq-nest,seq,1000000,10000,168265,45454545
go,seq-nest,seq,1000000,25000,308261,45454545
go,seq-nest,seq,1000000,25000,308356,45454545
go,seq-nest,seq,1000000,25000,308451,45454545
go,seq-nest,seq,1000000,25000,309693,45454545
go,seq-nest,seq,1000000,25000,311138,45454545
go,seq-nest,seq,1000000,50000,429368,45454545
go,seq-nest,seq,1000000,50000,435350,45454545
go,seq-nest,seq,1000000,50000,435919,45454545
go,seq-nest,seq,1000000,50000,437636,45454545
go,seq-nest,seq,1000000,50000,438981,45454545
go,seq-nest,seq,1000000,100000,476871,45454545
go,seq-nest,seq,1000000,100000,491400,45454545
go,seq-nest,seq,1000000,100000,500000,45454545
go,seq-nest,seq,1000000,100000,501253,45454545
go,seq-nest,seq,1000000,100000,503524,47619047
go,seq-nest,seq,1000000,250000,507356,45454545
go,seq-nest,seq,1000000,250000,507872,47619047
go,seq-nest,seq,1000000,250000,516262,45454545
go,seq-nest,seq,1000000,250000,535618,47619047
go,seq-nest,seq,1000000,250000,535905,47619047
go,seq-nest,seq,1000000,500000,414593,47619047
go,seq-nest,seq,1000000,500000,426985,45454545
go,seq-nest,seq,1000000,500000,430107,47619047
go,seq-nest,seq,1000000,500000,438981,45454545
go,seq-nest,seq,1000000,500000,444247,45454545
go_main,rnd,rnd,100000,5000,61304,918273
go_main,rnd,rnd,100000,5000,61353,924214
go_main,rnd,rnd,100000,5000,61477,931966
go_main,rnd,rnd,100000,5000,61789,921658
go_main,rnd,rnd,100000,5000,62790,922509
go_main,rnd,rnd,100000,10000,102385,910746
go_main,rnd,rnd,100000,10000,102986,923361
go_main,rnd,rnd,100000,10000,103039,933706
go_main,rnd,rnd,100000,10000,104624,923361
go_main,rnd,rnd,100000,10000,105042,928505
go_main,rnd,rnd,100000,25000,92276,915750
go_main,rnd,rnd,100000,25000,92438,907441
go_main,rnd,rnd,100000,25000,92566,921658
go_main,rnd,rnd,100000,25000,93231,914076
go_main,rnd,rnd,100000,25000,93266,914076
go_main,rnd,rnd,100000,50000,25479,893655
go_main,rnd,rnd,100000,50000,25596,891265
go_main,rnd,rnd,100000,50000,25629,915750
go_main,rnd,rnd,100000,50000,25795,920810
go_main,rnd,rnd,100000,50000,25829,900900
go_main,rnd,rnd,100000,100000,5943,890471
go_main,rnd,rnd,100000,100000,5958,874125
go_main,rnd,rnd,100000,100000,5960,877192
go_main,rnd,rnd,100000,100000,5989,876424
go_main,rnd,rnd,100000,100000,5996,888099
go_main,rnd,rnd,1000000,5000,21279,685400
go_main,rnd,rnd,1000000,5000,21423,680272
go_main,rnd,rnd,1000000,5000,21465,664451
go_main,rnd,rnd,1000000,5000,21550,683060
go_main,rnd,rnd,1000000,5000,21640,683526
go_main,rnd,rnd,1000000,10000,31421,683060
go_main,rnd,rnd,1000000,10000,31504,677506
go_main,rnd,rnd,1000000,10000,31606,684462
go_main,rnd,rnd,1000000,10000,31643,677048
go_main,rnd,rnd,1000000,10000,31863,679347
go_main,rnd,rnd,1000000,25000,59712,723065
go_main,rnd,rnd,1000000,25000,60466,711743
go_main,rnd,rnd,1000000,25000,60606,668449
go_main,rnd,rnd,1000000,25000,60801,720980
go_main,rnd,rnd,1000000,25000,60893,710732
go_main,rnd,rnd,1000000,50000,87183,720980
go_main,rnd,rnd,1000000,50000,87214,713266
go_main,rnd,rnd,1000000,50000,87420,713775
go_main,rnd,rnd,1000000,50000,87435,713266
go_main,rnd,rnd,1000000,50000,88066,716845
go_main,rnd,rnd,1000000,100000,46483,693962
go_main,rnd,rnd,1000000,100000,46604,708717
go_main,rnd,rnd,1000000,100000,46812,705716
go_main,rnd,rnd,1000000,100000,46908,703729
go_main,rnd,rnd,1000000,100000,47036,710732
go_main,rnd,seq,100000,5000,60477,50000000
go_main,rnd,seq,100000,5000,60580,50000000
go_main,rnd,seq,100000,5000,61214,50000000
go_main,rnd,seq,100000,5000,61225,50000000
go_main,rnd,seq,100000,5000,61447,50000000
go_main,rnd,seq,100000,10000,102574,47619047
go_main,rnd,seq,100000,10000,102722,50000000
go_main,rnd,seq,100000,10000,103498,50000000
go_main,rnd,seq,100000,10000,103530,50000000
go_main,rnd,seq,100000,10000,103605,50000000
go_main,rnd,seq,100000,25000,92704,47619047
go_main,rnd,seq,100000,25000,92721,47619047
go_main,rnd,seq,100000,25000,92833,47619047
go_main,rnd,seq,100000,25000,92841,47619047
go_main,rnd,seq,100000,25000,94108,47619047
go_main,rnd,seq,100000,50000,25339,50000000
go_main,rnd,seq,100000,50000,25499,47619047
go_main,rnd,seq,100000,50000,25594,50000000
go_main,rnd,seq,100000,50000,25599,47619047
go_main,rnd,seq,100000,50000,25681,47619047
go_main,rnd,seq,100000,100000,5979,45454545
go_main,rnd,seq,100000,100000,5985,45454545
go_main,rnd,seq,100000,100000,5995,45454545
go_main,rnd,seq,100000,100000,6030,45454545
go_main,rnd,seq,100000,100000,6044,45454545
go_main,rnd,seq,1000000,5000,20286,47619047
go_main,rnd,seq,1000000,5000,21230,47619047
go_main,rnd,seq,1000000,5000,21306,47619047
go_main,rnd,seq,1000000,5000,21402,29411764
go_main,rnd,seq,1000000,5000,21497,47619047
go_main,rnd,seq,1000000,10000,30363,47619047
go_main,rnd,seq,1000000,10000,31306,47619047
go_main,rnd,seq,1000000,10000,31333,47619047
go_main,rnd,seq,1000000,10000,31564,47619047
go_main,rnd,seq,1000000,10000,31657,47619047
go_main,rnd,seq,1000000,25000,59880,47619047
go_main,rnd,seq,1000000,25000,60063,45454545
go_main,rnd,seq,1000000,25000,60350,45454545
go_main,rnd,seq,1000000,25000,60408,45454545
go_main,rnd,seq,1000000,25000,60441,45454545
go_main,rnd,seq,1000000,50000,86979,47619047
go_main,rnd,seq,1000000,50000,87115,47619047
go_main,rnd,seq,1000000,50000,87252,47619047
go_main,rnd,seq,1000000,50000,87282,47619047
go_main,rnd,seq,1000000,50000,87298,47619047
go_main,rnd,seq,1000000,100000,46774,45454545
go_main,rnd,seq,1000000,100000,46785,45454545
go_main,rnd,seq,1000000,100000,46855,45454545
go_main,rnd,seq,1000000,100000,46882,45454545
go_main,rnd,seq,1000000,100000,46895,45454545
go_main,rnd-nest,rnd,100000,5000,75154,853970
go_main,rnd-nest,rnd,100000,5000,75159,820344
go_main,rnd-nest,rnd,100000,5000,75982,814995
go_main,rnd-nest,rnd,100000,5000,76086,823045
go_main,rnd-nest,rnd,100000,5000,76657,853242
go_main,rnd-nest,rnd,100000,10000,85557,708717
go_main,rnd-nest,rnd,100000,10000,86281,703234
go_main,rnd-nest,rnd,100000,10000,86490,707213
go_main,rnd-nest,rnd,100000,10000,86520,706713
go_main,rnd-nest,rnd,100000,10000,87032,705218
go_main,rnd-nest,rnd,100000,25000,38638,708215
go_main,rnd-nest,rnd,100000,25000,38871,703729
go_main,rnd-nest,rnd,100000,25000,38937,704721
go_main,rnd-nest,rnd,100000,25000,39117,695410
go_main,rnd-nest,rnd,100000,25000,39349,702247
go_main,rnd-nest,rnd,100000,50000,13615,687757
go_main,rnd-nest,rnd,100000,50000,13673,696864
go_main,rnd-nest,rnd,100000,50000,13692,699300
go_main,rnd-nest,rnd,100000,50000,13699,701754
go_main,rnd-nest,rnd,100000,50000,13701,695894
go_main,rnd-nest,rnd,1000000,5000,74699,562113
go_main,rnd-nest,rnd,1000000,5000,75574,569151
go_main,rnd-nest,rnd,1000000,5000,75861,589622
go_main,rnd-nest,rnd,1000000,5000,76167,586166
go_main,rnd-nest,rnd,1000000,5000,76481,595592
go_main,rnd-nest,rnd,1000000,10000,89110,598086
go_main,rnd-nest,rnd,1000000,10000,89174,590318
go_main,rnd-nest,rnd,1000000,10000,89245,590667
go_main,rnd-nest,rnd,1000000,10000,89261,595947
go_main,rnd-nest,rnd,1000000,10000,89509,593824
go_main,rnd-nest,rnd,1000000,25000,39775,591366
go_main,rnd-nest,rnd,1000000,25000,39853,584795
go_main,rnd-nest,rnd,1000000,25000,39888,594177
go_main,rnd-nest,rnd,1000000,25000,39948,596302
go_main,rnd-nest,rnd,1000000,25000,40054,594883
go_main,rnd-nest,rnd,1000000,50000,13613,594177
go_main,rnd-nest,rnd,1000000,50000,13745,595592
go_main,rnd-nest,rnd,1000000,50000,13860,595238
go_main,rnd-nest,rnd,1000000,50000,13862,593471
go_main,rnd-nest,rnd,1000000,50000,13896,595238
go_main,rnd-nest,seq,100000,5000,75284,45454545
go_main,rnd-nest,seq,100000,5000,75717,45454545
go_main,rnd-nest,seq,100000,5000,76178,45454545
go_main,rnd-nest,seq,100000,5000,76411,45454545
go_main,rnd-nest,seq,100000,5000,76481,45454545
go_main,rnd-nest,seq,100000,10000,85207,45454545
go_main,rnd-nest,seq,100000,10000,85295,45454545
go_main,rnd-nest,seq,100000,10000,85309,45454545
go_main,rnd-nest,seq,100000,10000,85778,45454545
go_main,rnd-nest,seq,100000,10000,85859,45454545
go_main,rnd-nest,seq,100000,25000,38300,45454545
go_main,rnd-nest,seq,100000,25000,38671,45454545
go_main,rnd-nest,seq,100000,25000,38898,45454545
go_main,rnd-nest,seq,100000,25000,38948,45454545
go_main,rnd-nest,seq,100000,25000,38996,45454545
go_main,rnd-nest,seq,100000,50000,13472,45454545
go_main,rnd-nest,seq,100000,50000,13522,45454545
go_main,rnd-nest,seq,100000,50000,13578,45454545
go_main,rnd-nest,seq,100000,50000,13601,45454545
go_main,rnd-nest,seq,100000,50000,13605,45454545
go_main,rnd-nest,seq,1000000,5000,76219,41666666
go_main,rnd-nest,seq,1000000,5000,76557,41666666
go_main,rnd-nest,seq,1000000,5000,76657,41666666
go_main,rnd-nest,seq,1000000,5000,76751,41666666
go_main,rnd-nest,seq,1000000,5000,76858,41666666
go_main,rnd-nest,seq,1000000,10000,89317,41666666
go_main,rnd-nest,seq,1000000,10000,89621,41666666
go_main,rnd-nest,seq,1000000,10000,89637,41666666
go_main,rnd-nest,seq,1000000,10000,89710,41666666
go_main,rnd-nest,seq,1000000,10000,89718,41666666
go_main,rnd-nest,seq,1000000,25000,39862,41666666
go_main,rnd-nest,seq,1000000,25000,39885,41666666
go_main,rnd-nest,seq,1000000,25000,39913,41666666
go_main,rnd-nest,seq,1000000,25000,39937,41666666
go_main,rnd-nest,seq,1000000,25000,39992,41666666
go_main,rnd-nest,seq,1000000,50000,13473,41666666
go_main,rnd-nest,seq,1000000,50000,13651,41666666
go_main,rnd-nest,seq,1000000,50000,13731,41666666
go_main,rnd-nest,seq,1000000,50000,13745,41666666
go_main,rnd-nest,seq,1000000,50000,13817,41666666
go_main,seq,rnd,100000,5000,86475,900900
go_main,seq,rnd,100000,5000,86602,906618
go_main,seq,rnd,100000,5000,86677,915750
go_main,seq,rnd,100000,5000,87374,908265
go_main,seq,rnd,100000,5000,87827,906618
go_main,seq,rnd,100000,10000,142308,904977
go_main,seq,rnd,100000,10000,142938,900900
go_main,seq,rnd,100000,10000,143595,900090
go_main,seq,rnd,100000,10000,144341,913242
go_main,seq,rnd,100000,10000,145011,905797
go_main,seq,rnd,100000,25000,225937,896057
go_main,seq,rnd,100000,25000,226603,901713
go_main,seq,rnd,100000,25000,227427,899280
go_main,seq,rnd,100000,25000,227686,892060
go_main,seq,rnd,100000,25000,230096,896057
go_main,seq,rnd,100000,50000,264620,892060
go_main,seq,rnd,100000,50000,264900,885739
go_main,seq,rnd,100000,50000,268744,900090
go_main,seq,rnd,100000,50000,268961,896860
go_main,seq,rnd,100000,50000,272331,895255
go_main,seq,rnd,100000,100000,185391,847457
go_main,seq,rnd,100000,100000,239865,889679
go_main,seq,rnd,100000,100000,250689,879507
go_main,seq,rnd,100000,100000,273298,886524
go_main,seq,rnd,100000,100000,274499,893655
go_main,seq,rnd,1000000,5000,89047,676589
go_main,seq,rnd,1000000,5000,89150,678426
go_main,seq,rnd,1000000,5000,89182,679809
go_main,seq,rnd,1000000,5000,89493,677048
go_main,seq,rnd,1000000,5000,89597,673854
go_main,seq,rnd,1000000,10000,153162,677966
go_main,seq,rnd,1000000,10000,154249,643500
go_main,seq,rnd,1000000,10000,154392,676589
go_main,seq,rnd,1000000,10000,155496,653594
go_main,seq,rnd,1000000,10000,156641,653167
go_main,seq,rnd,1000000,25000,267379,672494
go_main,seq,rnd,1000000,25000,269251,652741
go_main,seq,rnd,1000000,25000,269687,672947
go_main,seq,rnd,1000000,25000,269978,674763
go_main,seq,rnd,1000000,25000,270270,647249
go_main,seq,rnd,1000000,50000,345542,640204
go_main,seq,rnd,1000000,50000,351493,661813
go_main,seq,rnd,1000000,50000,356633,616522
go_main,seq,rnd,1000000,50000,357142,672947
go_main,seq,rnd,1000000,50000,357781,676589
go_main,seq,rnd,1000000,100000,382262,633312
go_main,seq,rnd,1000000,100000,387446,669344
go_main,seq,rnd,1000000,100000,392772,679347
go_main,seq,rnd,1000000,100000,394166,674763
go_main,seq,rnd,1000000,100000,395882,678426
go_main,seq,rnd,1000000,250000,389105,671140
go_main,seq,rnd,1000000,250000,403714,664451
go_main,seq,rnd,1000000,250000,403877,677048
go_main,seq,rnd,1000000,250000,410340,666222
go_main,seq,rnd,1000000,250000,413052,675219
go_main,seq,rnd,1000000,500000,356252,675219
go_main,seq,rnd,1000000,500000,356760,675219
go_main,seq,rnd,1000000,500000,359712,674308
go_main,seq,rnd,1000000,500000,361010,678426
go_main,seq,rnd,1000000,500000,369822,680735
go_main,seq,seq,100000,5000,87199,45454545
go_main,seq,seq,100000,5000,87374,45454545
go_main,seq,seq,100000,5000,87757,45454545
go_main,seq,seq,100000,5000,87981,45454545
go_main,seq,seq,100000,5000,88198,45454545
go_main,seq,seq,100000,10000,142795,45454545
go_main,seq,seq,100000,10000,143020,45454545
go_main,seq,seq,100000,10000,143472,45454545
go_main,seq,seq,100000,10000,143760,45454545
go_main,seq,seq,100000,10000,143905,45454545
go_main,seq,seq,100000,25000,216543,45454545
go_main,seq,seq,100000,25000,217770,45454545
go_main,seq,seq,100000,25000,219058,45454545
go_main,seq,seq,100000,25000,219490,45454545
go_main,seq,seq,100000,25000,220896,45454545
go_main,seq,seq,100000,50000,254129,45454545
go_main,seq,seq,100000,50000,254971,45454545
go_main,seq,seq,100000,50000,255819,45454545
go_main,seq,seq,100000,50000,256937,45454545
go_main,seq,seq,100000,50000,264061,45454545
go_main,seq,seq,100000,100000,247954,45454545
go_main,seq,seq,100000,100000,257334,45454545
go_main,seq,seq,100000,100000,258866,45454545
go_main,seq,seq,100000,100000,269251,45454545
go_main,seq,seq,100000,100000,274348,45454545
go_main,seq,seq,1000000,5000,88944,41666666
go_main,seq,seq,1000000,5000,89237,41666666
go_main,seq,seq,1000000,5000,89686,41666666
go_main,seq,seq,1000000,5000,89855,41666666
go_main,seq,seq,1000000,5000,90073,41666666
go_main,seq,seq,1000000,10000,151561,41666666
go_main,seq,seq,1000000,10000,152765,41666666
go_main,seq,seq,1000000,10000,152951,41666666
go_main,seq,seq,1000000,10000,153988,41666666
go_main,seq,seq,1000000,10000,156568,43478260
go_main,seq,seq,1000000,25000,255102,41666666
go_main,seq,seq,1000000,25000,261985,41666666
go_main,seq,seq,1000000,25000,262191,41666666
go_main,seq,seq,1000000,25000,262398,41666666
go_main,seq,seq,1000000,25000,264830,41666666
go_main,seq,seq,1000000,50000,326690,41666666
go_main,seq,seq,1000000,50000,329055,41666666
go_main,seq,seq,1000000,50000,331125,41666666
go_main,seq,seq,1000000,50000,332115,41666666
go_main,seq,seq,1000000,50000,333778,41666666
go_main,seq,seq,1000000,100000,352982,41666666
go_main,seq,seq,1000000,100000,363108,41666666
go_main,seq,seq,1000000,100000,367242,41666666
go_main,seq,seq,1000000,100000,367647,41666666
go_main,seq,seq,1000000,100000,368188,41666666
go_main,seq,seq,1000000,250000,367376,41666666
go_main,seq,seq,1000000,250000,371057,41666666
go_main,seq,seq,1000000,250000,378357,40000000
go_main,seq,seq,1000000,250000,378787,41666666
go_main,seq,seq,1000000,250000,384911,41666666
go_main,seq,seq,1000000,500000,333333,41666666
go_main,seq,seq,1000000,500000,349040,43478260
go_main,seq,seq,1000000,500000,354987,43478260
go_main,seq,seq,1000000,500000,356125,43478260
go_main,seq,seq,1000000,500000,361271,41666666
go_main,seq-nest,rnd,100000,5000,90138,849617
go_main,seq-nest,rnd,100000,5000,91861,845308
go_main,seq-nest,rnd,100000,5000,92225,824402
go_main,seq-nest,rnd,100000,5000,92532,847457
go_main,seq-nest,rnd,100000,5000,93161,836120
go_main,seq-nest,rnd,100000,10000,150489,707213
go_main,seq-nest,rnd,100000,10000,152532,705218
go_main,seq-nest,rnd,100000,10000,154154,705218
go_main,seq-nest,rnd,100000,10000,154655,701754
go_main,seq-nest,rnd,100000,10000,156788,703234
go_main,seq-nest,rnd,100000,25000,235904,700280
go_main,seq-nest,rnd,100000,25000,239463,707714
go_main,seq-nest,rnd,100000,25000,240673,708717
go_main,seq-nest,rnd,100000,25000,241080,681663
go_main,seq-nest,rnd,100000,25000,241254,708215
go_main,seq-nest,rnd,100000,50000,276778,697350
go_main,seq-nest,rnd,100000,50000,279642,690131
go_main,seq-nest,rnd,100000,50000,280819,662251
go_main,seq-nest,rnd,100000,50000,281293,701262
go_main,seq-nest,rnd,100000,50000,284900,680735
go_main,seq-nest,rnd,100000,100000,270343,695894
go_main,seq-nest,rnd,100000,100000,271370,708215
go_main,seq-nest,rnd,100000,100000,273448,697836
go_main,seq-nest,rnd,100000,100000,277854,701262
go_main,seq-nest,rnd,100000,100000,279017,700280
go_main,seq-nest,rnd,1000000,5000,90546,597014
go_main,seq-nest,rnd,1000000,5000,90612,596658
go_main,seq-nest,rnd,1000000,5000,90768,595238
go_main,seq-nest,rnd,1000000,5000,91132,588928
go_main,seq-nest,rnd,1000000,5000,91149,592417
go_main,seq-nest,rnd,1000000,10000,161394,591366
go_main,seq-nest,rnd,1000000,10000,162416,593824
go_main,seq-nest,rnd,1000000,10000,162522,588235
go_main,seq-nest,rnd,1000000,10000,163318,585137
go_main,seq-nest,rnd,1000000,10000,163478,589622
go_main,seq-nest,rnd,1000000,25000,294811,596658
go_main,seq-nest,rnd,1000000,25000,297176,599161
go_main,seq-nest,rnd,1000000,25000,297441,591715
go_main,seq-nest,rnd,1000000,25000,298507,597014
go_main,seq-nest,rnd,1000000,25000,300300,594177
go_main,seq-nest,rnd,1000000,50000,399840,581057
go_main,seq-nest,rnd,1000000,50000,404530,595947
go_main,seq-nest,rnd,1000000,50000,406669,599880
go_main,seq-nest,rnd,1000000,50000,407996,593824
go_main,seq-nest,rnd,1000000,50000,411692,452079
go_main,seq-nest,rnd,1000000,100000,438981,603864
go_main,seq-nest,rnd,1000000,100000,456204,599520
go_main,seq-nest,rnd,1000000,100000,461041,592768
go_main,seq-nest,rnd,1000000,100000,463392,591715
go_main,seq-nest,rnd,1000000,100000,465332,590318
go_main,seq-nest,rnd,1000000,250000,455788,587199
go_main,seq-nest,rnd,1000000,250000,457665,591715
go_main,seq-nest,rnd,1000000,250000,461254,585823
go_main,seq-nest,rnd,1000000,250000,461467,597371
go_main,seq-nest,rnd,1000000,250000,461893,594530
go_main,seq-nest,rnd,1000000,500000,385505,595238
go_main,seq-nest,rnd,1000000,500000,388651,589275
go_main,seq-nest,rnd,1000000,500000,390930,584795
go_main,seq-nest,rnd,1000000,500000,396353,599880
go_main,seq-nest,rnd,1000000,500000,407331,595238
go_main,seq-nest,seq,100000,5000,85609,45454545
go_main,seq-nest,seq,100000,5000,89102,45454545
go_main,seq-nest,seq,100000,5000,89782,45454545
go_main,seq-nest,seq,100000,5000,90456,45454545
go_main,seq-nest,seq,100000,5000,91132,45454545
go_main,seq-nest,seq,100000,10000,148500,45454545
go_main,seq-nest,seq,100000,10000,149812,45454545
go_main,seq-nest,seq,100000,10000,150285,45454545
go_main,seq-nest,seq,100000,10000,151423,45454545
go_main,seq-nest,seq,100000,10000,153045,45454545
go_main,seq-nest,seq,100000,25000,230308,45454545
go_main,seq-nest,seq,100000,25000,230414,45454545
go_main,seq-nest,seq,100000,25000,232720,45454545
go_main,seq-nest,seq,100000,25000,232937,45454545
go_main,seq-nest,seq,100000,25000,234356,45454545
go_main,seq-nest,seq,100000,50000,267737,45454545
go_main,seq-nest,seq,100000,50000,267952,45454545
go_main,seq-nest,seq,100000,50000,268240,45454545
go_main,seq-nest,seq,100000,50000,270489,45454545
go_main,seq-nest,seq,100000,50000,271517,45454545
go_main,seq-nest,seq,100000,100000,255819,45454545
go_main,seq-nest,seq,100000,100000,261164,45454545
go_main,seq-nest,seq,100000,100000,264200,45454545
go_main,seq-nest,seq,100000,100000,265533,45454545
go_main,seq-nest,seq,100000,100000,277085,45454545
go_main,seq-nest,seq,1000000,5000,90843,41666666
go_main,seq-nest,seq,1000000,5000,90983,41666666
go_main,seq-nest,seq,1000000,5000,91174,41666666
go_main,seq-nest,seq,1000000,5000,91751,41666666
go_main,seq-nest,seq,1000000,5000,91970,41666666
go_main,seq-nest,seq,1000000,10000,160333,41666666
go_main,seq-nest,seq,1000000,10000,160901,41666666
go_main,seq-nest,seq,1000000,10000,161943,41666666
go_main,seq-nest,seq,1000000,10000,162153,41666666
go_main,seq-nest,seq,1000000,10000,162390,41666666
go_main,seq-nest,seq,1000000,25000,276854,41666666
go_main,seq-nest,seq,1000000,25000,283045,41666666
go_main,seq-nest,seq,1000000,25000,283527,41666666
go_main,seq-nest,seq,1000000,25000,283687,41666666
go_main,seq-nest,seq,1000000,25000,285306,41666666
go_main,seq-nest,seq,1000000,50000,373971,41666666
go_main,seq-nest,seq,1000000,50000,374251,41666666
go_main,seq-nest,seq,1000000,50000,381097,41666666
go_main,seq-nest,seq,1000000,50000,381825,41666666
go_main,seq-nest,seq,1000000,50000,382116,41666666
go_main,seq-nest,seq,1000000,100000,424628,41666666
go_main,seq-nest,seq,1000000,100000,430848,41666666
go_main,seq-nest,seq,1000000,100000,434404,41666666
go_main,seq-nest,seq,1000000,100000,435161,41666666
go_main,seq-nest,seq,1000000,100000,436109,41666666
go_main,seq-nest,seq,1000000,250000,428449,41666666
go_main,seq-nest,seq,1000000,250000,438212,41666666
go_main,seq-nest,seq,1000000,250000,441306,41666666
go_main,seq-nest,seq,1000000,250000,445831,41666666
go_main,seq-nest,seq,1000000,250000,449236,41666666
go_main,seq-nest,seq,1000000,500000,379075,43478260
go_main,seq-nest,seq,1000000,500000,383435,43478260
go_main,seq-nest,seq,1000000,500000,389105,41666666
go_main,seq-nest,seq,1000000,500000,395256,41666666
go_main,seq-nest,seq,1000000,500000,398724,41666666
nightly,rnd,rnd,100000,5000,64729,2227171
nightly,rnd,rnd,100000,5000,64737,2237136
nightly,rnd,rnd,100000,5000,65070,2277904
nightly,rnd,rnd,100000,5000,65530,2188183
nightly,rnd,rnd,100000,5000,66706,2242152
nightly,rnd,rnd,100000,10000,110497,2217294
nightly,rnd,rnd,100000,10000,111222,2237136
nightly,rnd,rnd,100000,10000,112057,2242152
nightly,rnd,rnd,100000,10000,112485,2237136
nightly,rnd,rnd,100000,10000,113071,2222222
nightly,rnd,rnd,100000,25000,123426,2207505
nightly,rnd,rnd,100000,25000,123487,2227171
nightly,rnd,rnd,100000,25000,123548,2222222
nightly,rnd,rnd,100000,25000,124781,2169197
nightly,rnd,rnd,100000,25000,125093,2183406
nightly,rnd,rnd,100000,50000,55947,2237136
nightly,rnd,rnd,100000,50000,56116,2217294
nightly,rnd,rnd,100000,50000,56198,2222222
nightly,rnd,rnd,100000,50000,56490,2242152
nightly,rnd,rnd,100000,50000,56577,2232142
nightly,rnd,rnd,100000,100000,16295,2070393
nightly,rnd,rnd,100000,100000,16298,2092050
nightly,rnd,rnd,100000,100000,16308,2087682
nightly,rnd,rnd,100000,100000,16331,2079002
nightly,rnd,rnd,100000,100000,16341,2057613
nightly,rnd,rnd,1000000,5000,22195,1310615
nightly,rnd,rnd,1000000,5000,22388,1257861
nightly,rnd,rnd,1000000,5000,22401,1256281
nightly,rnd,rnd,1000000,5000,22450,1317523
nightly,rnd,rnd,1000000,5000,22510,1250000
nightly,rnd,rnd,1000000,10000,32407,1250000
nightly,rnd,rnd,1000000,10000,33006,1221001
nightly,rnd,rnd,1000000,10000,33104,1216545
nightly,rnd,rnd,1000000,10000,33301,1254705
nightly,rnd,rnd,1000000,10000,33515,1254705
nightly,rnd,rnd,1000000,25000,65850,1293661
nightly,rnd,rnd,1000000,25000,65876,1302083
nightly,rnd,rnd,1000000,25000,65980,1285347
nightly,rnd,rnd,1000000,25000,66050,1312335
nightly,rnd,rnd,1000000,25000,66058,1282051
nightly,rnd,rnd,1000000,50000,116890,1308900
nightly,rnd,rnd,1000000,50000,117041,1298701
nightly,rnd,rnd,1000000,50000,117233,1307189
nightly,rnd,rnd,1000000,50000,117329,1298701
nightly,rnd,rnd,1000000,50000,117674,1308900
nightly,rnd,rnd,1000000,100000,97723,1282051
nightly,rnd,rnd,1000000,100000,97914,1288659
nightly,rnd,rnd,1000000,100000,97943,1288659
nightly,rnd,rnd,1000000,100000,98145,1273885
nightly,rnd,rnd,1000000,100000,98231,1278772
nightly,rnd,seq,100000,5000,64880,62499999
nightly,rnd,seq,100000,5000,65453,58823529
nightly,rnd,seq,100000,5000,65651,62499999
nightly,rnd,seq,100000,5000,65815,62499999
nightly,rnd,seq,100000,5000,65819,62499999
nightly,rnd,seq,100000,10000,109385,62499999
nightly,rnd,seq,100000,10000,111706,62499999
nightly,rnd,seq,100000,10000,112790,62499999
nightly,rnd,seq,100000,10000,113007,62499999
nightly,rnd,seq,100000,10000,113752,62499999
nightly,rnd,seq,100000,25000,123900,58823529
nightly,rnd,seq,100000,25000,123946,62499999
nightly,rnd,seq,100000,25000,124953,58823529
nightly,rnd,seq,100000,25000,124968,58823529
nightly,rnd,seq,100000,25000,125960,58823529
nightly,rnd,seq,100000,50000,56012,62499999
nightly,rnd,seq,100000,50000,56261,62499999
nightly,rnd,seq,100000,50000,56309,62499999
nightly,rnd,seq,100000,50000,56360,62499999
nightly,rnd,seq,100000,50000,56439,58823529
nightly,rnd,seq,100000,100000,16186,58823529
nightly,rnd,seq,100000,100000,16196,58823529
nightly,rnd,seq,100000,100000,16200,58823529
nightly,rnd,seq,100000,100000,16211,58823529
nightly,rnd,seq,100000,100000,16230,58823529
nightly,rnd,seq,1000000,5000,22282,55555555
nightly,rnd,seq,1000000,5000,22430,55555555
nightly,rnd,seq,1000000,5000,22497,55555555
nightly,rnd,seq,1000000,5000,22515,55555555
nightly,rnd,seq,1000000,5000,22558,55555555
nightly,rnd,seq,1000000,10000,32742,55555555
nightly,rnd,seq,1000000,10000,33051,55555555
nightly,rnd,seq,1000000,10000,33310,55555555
nightly,rnd,seq,1000000,10000,33327,55555555
nightly,rnd,seq,1000000,10000,33393,55555555
nightly,rnd,seq,1000000,25000,65385,55555555
nightly,rnd,seq,1000000,25000,65724,55555555
nightly,rnd,seq,1000000,25000,65832,55555555
nightly,rnd,seq,1000000,25000,65880,55555555
nightly,rnd,seq,1000000,25000,66238,55555555
nightly,rnd,seq,1000000,50000,116986,55555555
nightly,rnd,seq,1000000,50000,117041,55555555
nightly,rnd,seq,1000000,50000,117068,55555555
nightly,rnd,seq,1000000,50000,117329,55555555
nightly,rnd,seq,1000000,50000,117660,55555555
nightly,rnd,seq,1000000,100000,97456,55555555
nightly,rnd,seq,1000000,100000,97665,55555555
nightly,rnd,seq,1000000,100000,97933,55555555
nightly,rnd,seq,1000000,100000,97952,55555555
nightly,rnd,seq,1000000,100000,97991,55555555
nightly,rnd-nest,rnd,100000,5000,77154,1721170
nightly,rnd-nest,rnd,100000,5000,78443,1712328
nightly,rnd-nest,rnd,100000,5000,79333,1703577
nightly,rnd-nest,rnd,100000,5000,79592,1739130
nightly,rnd-nest,rnd,100000,5000,79744,1692047
nightly,rnd-nest,rnd,100000,10000,91149,1618122
nightly,rnd-nest,rnd,100000,10000,91357,1615508
nightly,rnd-nest,rnd,100000,10000,91541,1633986
nightly,rnd-nest,rnd,100000,10000,92174,1587301
nightly,rnd-nest,rnd,100000,10000,92293,1631321
nightly,rnd-nest,rnd,100000,25000,56811,1615508
nightly,rnd-nest,rnd,100000,25000,56899,1594896
nightly,rnd-nest,rnd,100000,25000,57204,1599999
nightly,rnd-nest,rnd,100000,25000,57290,1620745
nightly,rnd-nest,rnd,100000,25000,57527,1605136
nightly,rnd-nest,rnd,100000,50000,31522,1602564
nightly,rnd-nest,rnd,100000,50000,31585,1599999
nightly,rnd-nest,rnd,100000,50000,31589,1605136
nightly,rnd-nest,rnd,100000,50000,31671,1607717
nightly,rnd-nest,rnd,100000,50000,31804,1610305
nightly,rnd-nest,rnd,1000000,5000,79808,1101321
nightly,rnd-nest,rnd,1000000,5000,79897,1108647
nightly,rnd-nest,rnd,1000000,5000,80025,1095290
nightly,rnd-nest,rnd,1000000,5000,80541,1102535
nightly,rnd-nest,rnd,1000000,5000,80606,1092896
nightly,rnd-nest,rnd,1000000,10000,95011,1040582
nightly,rnd-nest,rnd,1000000,10000,95529,1098901
nightly,rnd-nest,rnd,1000000,10000,95547,1067235
nightly,rnd-nest,rnd,1000000,10000,95611,993048
nightly,rnd-nest,rnd,1000000,10000,96116,1092896
nightly,rnd-nest,rnd,1000000,25000,57349,1052631
nightly,rnd-nest,rnd,1000000,25000,57756,1117318
nightly,rnd-nest,rnd,1000000,25000,58288,1124859
nightly,rnd-nest,rnd,1000000,25000,58702,1121076
nightly,rnd-nest,rnd,1000000,25000,58826,1119820
nightly,rnd-nest,rnd,1000000,50000,31663,1126126
nightly,rnd-nest,rnd,1000000,50000,31900,1079913
nightly,rnd-nest,rnd,1000000,50000,31901,1121076
nightly,rnd-nest,rnd,1000000,50000,31921,1123595
nightly,rnd-nest,rnd,1000000,50000,31949,1119820
nightly,rnd-nest,seq,100000,5000,78895,58823529
nightly,rnd-nest,seq,100000,5000,78963,58823529
nightly,rnd-nest,seq,100000,5000,79421,62499999
nightly,rnd-nest,seq,100000,5000,79878,58823529
nightly,rnd-nest,seq,100000,5000,80179,58823529
nightly,rnd-nest,seq,100000,10000,89269,62499999
nightly,rnd-nest,seq,100000,10000,90711,58823529
nightly,rnd-nest,seq,100000,10000,91541,62499999
nightly,rnd-nest,seq,100000,10000,92506,58823529
nightly,rnd-nest,seq,100000,10000,93049,58823529
nightly,rnd-nest,seq,100000,25000,57123,62499999
nightly,rnd-nest,seq,100000,25000,57201,62499999
nightly,rnd-nest,seq,100000,25000,57349,62499999
nightly,rnd-nest,seq,100000,25000,57487,62499999
nightly,rnd-nest,seq,100000,25000,57620,62499999
nightly,rnd-nest,seq,100000,50000,31454,62499999
nightly,rnd-nest,seq,100000,50000,31552,62499999
nightly,rnd-nest,seq,100000,50000,31592,62499999
nightly,rnd-nest,seq,100000,50000,31615,62499999
nightly,rnd-nest,seq,100000,50000,31622,62499999
nightly,rnd-nest,seq,1000000,5000,80697,55555555
nightly,rnd-nest,seq,1000000,5000,80703,55555555
nightly,rnd-nest,seq,1000000,5000,80795,55555555
nightly,rnd-nest,seq,1000000,5000,80932,55555555
nightly,rnd-nest,seq,1000000,5000,80938,52631578
nightly,rnd-nest,seq,1000000,10000,95584,52631578
nightly,rnd-nest,seq,1000000,10000,95602,55555555
nightly,rnd-nest,seq,1000000,10000,95693,55555555
nightly,rnd-nest,seq,1000000,10000,95978,55555555
nightly,rnd-nest,seq,1000000,10000,96200,55555555
nightly,rnd-nest,seq,1000000,25000,57756,55555555
nightly,rnd-nest,seq,1000000,25000,57843,55555555
nightly,rnd-nest,seq,1000000,25000,58530,55555555
nightly,rnd-nest,seq,1000000,25000,58716,55555555
nightly,rnd-nest,seq,1000000,25000,58858,55555555
nightly,rnd-nest,seq,1000000,50000,31367,52631578
nightly,rnd-nest,seq,1000000,50000,31577,55555555
nightly,rnd-nest,seq,1000000,50000,31801,55555555
nightly,rnd-nest,seq,1000000,50000,31958,55555555
nightly,rnd-nest,seq,1000000,50000,31971,55555555
nightly,seq,rnd,100000,5000,91877,1941747
nightly,seq,rnd,100000,5000,92378,2032520
nightly,seq,rnd,100000,5000,92387,2028397
nightly,seq,rnd,100000,5000,92566,2024291
nightly,seq,rnd,100000,5000,93083,1886792
nightly,seq,rnd,100000,10000,158102,2053388
nightly,seq,rnd,100000,10000,159923,2028397
nightly,seq,rnd,100000,10000,160128,2044989
nightly,seq,rnd,100000,10000,162892,2044989
nightly,seq,rnd,100000,10000,163291,2028397
nightly,seq,rnd,100000,25000,278009,2032520
nightly,seq,rnd,100000,25000,278396,2036659
nightly,seq,rnd,100000,25000,280347,2024291
nightly,seq,rnd,100000,25000,281452,2008032
nightly,seq,rnd,100000,25000,282406,2057613
nightly,seq,rnd,100000,50000,396982,2036659
nightly,seq,rnd,100000,50000,402090,2036659
nightly,seq,rnd,100000,50000,402252,2040816
nightly,seq,rnd,100000,50000,403225,2028397
nightly,seq,rnd,100000,50000,407000,2016129
nightly,seq,rnd,100000,100000,551571,2004008
nightly,seq,rnd,100000,100000,552181,2057613
nightly,seq,rnd,100000,100000,555555,2028397
nightly,seq,rnd,100000,100000,558347,2020202
nightly,seq,rnd,100000,100000,564971,2028397
nightly,seq,rnd,1000000,5000,93014,1246882
nightly,seq,rnd,1000000,5000,93449,1250000
nightly,seq,rnd,1000000,5000,93466,1228501
nightly,seq,rnd,1000000,5000,93808,1254705
nightly,seq,rnd,1000000,5000,95739,1240694
nightly,seq,rnd,1000000,10000,168208,1240694
nightly,seq,rnd,1000000,10000,168520,1248439
nightly,seq,rnd,1000000,10000,169176,1245330
nightly,seq,rnd,1000000,10000,169865,1246882
nightly,seq,rnd,1000000,10000,169865,1246882
nightly,seq,rnd,1000000,25000,321130,1246882
nightly,seq,rnd,1000000,25000,321336,1239157
nightly,seq,rnd,1000000,25000,322061,1243781
nightly,seq,rnd,1000000,25000,323415,1237623
nightly,seq,rnd,1000000,25000,325414,1248439
nightly,seq,rnd,1000000,50000,462748,1256281
nightly,seq,rnd,1000000,50000,464468,1246882
nightly,seq,rnd,1000000,50000,465116,1239157
nightly,seq,rnd,1000000,50000,466200,1246882
nightly,seq,rnd,1000000,50000,466853,1253132
nightly,seq,rnd,1000000,100000,555864,1257861
nightly,seq,rnd,1000000,100000,556483,1246882
nightly,seq,rnd,1000000,100000,558659,1240694
nightly,seq,rnd,1000000,100000,559597,1239157
nightly,seq,rnd,1000000,100000,564015,1250000
nightly,seq,rnd,1000000,250000,636537,1251564
nightly,seq,rnd,1000000,250000,641025,1246882
nightly,seq,rnd,1000000,250000,641848,1254705
nightly,seq,rnd,1000000,250000,647668,1254705
nightly,seq,rnd,1000000,250000,649350,1243781
nightly,seq,rnd,1000000,500000,701754,1257861
nightly,seq,rnd,1000000,500000,703234,1259445
nightly,seq,rnd,1000000,500000,706713,1245330
nightly,seq,rnd,1000000,500000,707213,1256281
nightly,seq,rnd,1000000,500000,708215,1254705
nightly,seq,seq,100000,5000,90049,58823529
nightly,seq,seq,100000,5000,91541,58823529
nightly,seq,seq,100000,5000,91591,58823529
nightly,seq,seq,100000,5000,92558,58823529
nightly,seq,seq,100000,5000,93685,55555555
nightly,seq,seq,100000,10000,160565,58823529
nightly,seq,seq,100000,10000,161394,58823529
nightly,seq,seq,100000,10000,162548,58823529
nightly,seq,seq,100000,10000,163853,58823529
nightly,seq,seq,100000,10000,163880,58823529
nightly,seq,seq,100000,25000,272405,58823529
nightly,seq,seq,100000,25000,279329,58823529
nightly,seq,seq,100000,25000,279955,58823529
nightly,seq,seq,100000,25000,281769,58823529
nightly,seq,seq,100000,25000,282406,58823529
nightly,seq,seq,100000,50000,401929,58823529
nightly,seq,seq,100000,50000,407996,58823529
nightly,seq,seq,100000,50000,409500,58823529
nightly,seq,seq,100000,50000,409668,58823529
nightly,seq,seq,100000,50000,414765,58823529
nightly,seq,seq,100000,100000,538213,58823529
nightly,seq,seq,100000,100000,554323,58823529
nightly,seq,seq,100000,100000,560538,58823529
nightly,seq,seq,100000,100000,560852,58823529
nightly,seq,seq,100000,100000,564334,58823529
nightly,seq,seq,1000000,5000,92327,52631578
nightly,seq,seq,1000000,5000,92472,52631578
nightly,seq,seq,1000000,5000,92549,52631578
nightly,seq,seq,1000000,5000,92910,52631578
nightly,seq,seq,1000000,5000,93023,52631578
nightly,seq,seq,1000000,10000,168719,52631578
nightly,seq,seq,1000000,10000,169033,52631578
nightly,seq,seq,1000000,10000,169692,52631578
nightly,seq,seq,1000000,10000,169981,52631578
nightly,seq,seq,1000000,10000,170125,52631578
nightly,seq,seq,1000000,25000,321543,52631578
nightly,seq,seq,1000000,25000,322580,52631578
nightly,seq,seq,1000000,25000,323834,52631578
nightly,seq,seq,1000000,25000,324569,52631578
nightly,seq,seq,1000000,25000,324991,52631578
nightly,seq,seq,1000000,50000,461467,52631578
nightly,seq,seq,1000000,50000,464684,52631578
nightly,seq,seq,1000000,50000,465332,52631578
nightly,seq,seq,1000000,50000,466200,52631578
nightly,seq,seq,1000000,50000,471253,52631578
nightly,seq,seq,1000000,100000,554631,52631578
nightly,seq,seq,1000000,100000,561167,52631578
nightly,seq,seq,1000000,100000,561797,52631578
nightly,seq,seq,1000000,100000,565291,52631578
nightly,seq,seq,1000000,100000,568181,52631578
nightly,seq,seq,1000000,250000,644329,52631578
nightly,seq,seq,1000000,250000,645994,52631578
nightly,seq,seq,1000000,250000,647249,52631578
nightly,seq,seq,1000000,250000,648929,52631578
nightly,seq,seq,1000000,250000,651465,52631578
nightly,seq,seq,1000000,500000,705716,52631578
nightly,seq,seq,1000000,500000,706214,52631578
nightly,seq,seq,1000000,500000,708717,52631578
nightly,seq,seq,1000000,500000,712250,52631578
nightly,seq,seq,1000000,500000,713775,52631578
nightly,seq-nest,rnd,100000,5000,93005,1709401
nightly,seq-nest,rnd,100000,5000,93440,1718213
nightly,seq-nest,rnd,100000,5000,93589,1706484
nightly,seq-nest,rnd,100000,5000,94312,1607717
nightly,seq-nest,rnd,100000,5000,94571,1715265
nightly,seq-nest,rnd,100000,10000,163853,1519756
nightly,seq-nest,rnd,100000,10000,166251,1587301
nightly,seq-nest,rnd,100000,10000,167140,1455604
nightly,seq-nest,rnd,100000,10000,168067,1538461
nightly,seq-nest,rnd,100000,10000,168321,1524390
nightly,seq-nest,rnd,100000,25000,294290,1533742
nightly,seq-nest,rnd,100000,25000,294811,1582278
nightly,seq-nest,rnd,100000,25000,295246,1612903
nightly,seq-nest,rnd,100000,25000,297176,1579778
nightly,seq-nest,rnd,100000,25000,297885,1610305
nightly,seq-nest,rnd,100000,50000,414421,1599999
nightly,seq-nest,rnd,100000,50000,416840,1605136
nightly,seq-nest,rnd,100000,50000,418585,1567398
nightly,seq-nest,rnd,100000,50000,419639,1615508
nightly,seq-nest,rnd,100000,50000,421762,1615508
nightly,seq-nest,rnd,100000,100000,538502,1577287
nightly,seq-nest,rnd,100000,100000,557103,1529051
nightly,seq-nest,rnd,100000,100000,564015,1564945
nightly,seq-nest,rnd,100000,100000,565610,1577287
nightly,seq-nest,rnd,100000,100000,566893,1574803
nightly,seq-nest,rnd,1000000,5000,94304,1010101
nightly,seq-nest,rnd,1000000,5000,94732,1082251
nightly,seq-nest,rnd,1000000,5000,94786,1072961
nightly,seq-nest,rnd,1000000,5000,95374,1029866
nightly,seq-nest,rnd,1000000,5000,95794,1102535
nightly,seq-nest,rnd,1000000,10000,174459,973709
nightly,seq-nest,rnd,1000000,10000,176366,962463
nightly,seq-nest,rnd,1000000,10000,176584,1033057
nightly,seq-nest,rnd,1000000,10000,176709,1060445
nightly,seq-nest,rnd,1000000,10000,177904,1057082
nightly,seq-nest,rnd,1000000,25000,343878,1051524
nightly,seq-nest,rnd,1000000,25000,346020,1037344
nightly,seq-nest,rnd,1000000,25000,347463,1026694
nightly,seq-nest,rnd,1000000,25000,347584,1039501
nightly,seq-nest,rnd,1000000,25000,347947,1034126
nightly,seq-nest,rnd,1000000,50000,507872,1048218
nightly,seq-nest,rnd,1000000,50000,512820,1109877
nightly,seq-nest,rnd,1000000,50000,517330,1038421
nightly,seq-nest,rnd,1000000,50000,519210,1051524
nightly,seq-nest,rnd,1000000,50000,520833,1060445
nightly,seq-nest,rnd,1000000,100000,631313,1094091
nightly,seq-nest,rnd,1000000,100000,632911,1096491
nightly,seq-nest,rnd,1000000,100000,635324,1086956
nightly,seq-nest,rnd,1000000,100000,639795,1103752
nightly,seq-nest,rnd,1000000,100000,643500,1104972
nightly,seq-nest,rnd,1000000,250000,754147,1090512
nightly,seq-nest,rnd,1000000,250000,758150,1114827
nightly,seq-nest,rnd,1000000,250000,759878,1096491
nightly,seq-nest,rnd,1000000,250000,763358,1097694
nightly,seq-nest,rnd,1000000,250000,768049,1103752
nightly,seq-nest,rnd,1000000,500000,772200,1061571
nightly,seq-nest,rnd,1000000,500000,779423,1127395
nightly,seq-nest,rnd,1000000,500000,784929,1112347
nightly,seq-nest,rnd,1000000,500000,785545,1041666
nightly,seq-nest,rnd,1000000,500000,786163,1112347
nightly,seq-nest,seq,100000,5000,89421,62499999
nightly,seq-nest,seq,100000,5000,92988,62499999
nightly,seq-nest,seq,100000,5000,93685,62499999
nightly,seq-nest,seq,100000,5000,94500,58823529
nightly,seq-nest,seq,100000,5000,96515,58823529
nightly,seq-nest,seq,100000,10000,164962,62499999
nightly,seq-nest,seq,100000,10000,165234,58823529
nightly,seq-nest,seq,100000,10000,165700,62499999
nightly,seq-nest,seq,100000,10000,166112,62499999
nightly,seq-nest,seq,100000,10000,167672,62499999
nightly,seq-nest,seq,100000,25000,297000,62499999
nightly,seq-nest,seq,100000,25000,297619,62499999
nightly,seq-nest,seq,100000,25000,297796,62499999
nightly,seq-nest,seq,100000,25000,300030,62499999
nightly,seq-nest,seq,100000,25000,301295,58823529
nightly,seq-nest,seq,100000,50000,406834,62499999
nightly,seq-nest,seq,100000,50000,407331,58823529
nightly,seq-nest,seq,100000,50000,420521,58823529
nightly,seq-nest,seq,100000,50000,423908,58823529
nightly,seq-nest,seq,100000,50000,426439,62499999
nightly,seq-nest,seq,100000,100000,558347,62499999
nightly,seq-nest,seq,100000,100000,566572,58823529
nightly,seq-nest,seq,100000,100000,566572,62499999
nightly,seq-nest,seq,100000,100000,569151,62499999
nightly,seq-nest,seq,100000,100000,573065,62499999
nightly,seq-nest,seq,1000000,5000,95483,55555555
nightly,seq-nest,seq,1000000,5000,95666,55555555
nightly,seq-nest,seq,1000000,5000,95831,55555555
nightly,seq-nest,seq,1000000,5000,95904,55555555
nightly,seq-nest,seq,1000000,5000,96852,55555555
nightly,seq-nest,seq,1000000,10000,175870,52631578
nightly,seq-nest,seq,1000000,10000,176335,55555555
nightly,seq-nest,seq,1000000,10000,176429,55555555
nightly,seq-nest,seq,1000000,10000,177777,55555555
nightly,seq-nest,seq,1000000,10000,179597,55555555
nightly,seq-nest,seq,1000000,25000,344827,55555555
nightly,seq-nest,seq,1000000,25000,347463,52631578
nightly,seq-nest,seq,1000000,25000,347463,55555555
nightly,seq-nest,seq,1000000,25000,348553,55555555
nightly,seq-nest,seq,1000000,25000,349650,50000000
nightly,seq-nest,seq,1000000,50000,506329,55555555
nightly,seq-nest,seq,1000000,50000,520562,55555555
nightly,seq-nest,seq,1000000,50000,521376,55555555
nightly,seq-nest,seq,1000000,50000,522193,55555555
nightly,seq-nest,seq,1000000,50000,524383,55555555
nightly,seq-nest,seq,1000000,100000,636537,55555555
nightly,seq-nest,seq,1000000,100000,638977,55555555
nightly,seq-nest,seq,1000000,100000,639795,55555555
nightly,seq-nest,seq,1000000,100000,646830,55555555
nightly,seq-nest,seq,1000000,100000,649772,55555555
nightly,seq-nest,seq,1000000,250000,753579,55555555
nightly,seq-nest,seq,1000000,250000,755287,55555555
nightly,seq-nest,seq,1000000,250000,761614,55555555
nightly,seq-nest,seq,1000000,250000,762195,55555555
nightly,seq-nest,seq,1000000,250000,765696,55555555
nightly,seq-nest,seq,1000000,500000,766283,55555555
nightly,seq-nest,seq,1000000,500000,778816,55555555
nightly,seq-nest,seq,1000000,500000,783085,55555555
nightly,seq-nest,seq,1000000,500000,786163,55555555
nightly,seq-nest,seq,1000000,500000,786782,55555555
release,rnd,rnd,100000,5000,65142,2267573
release,rnd,rnd,100000,5000,65282,2252252
release,rnd,rnd,100000,5000,65389,2272727
release,rnd,rnd,100000,5000,65621,2298850
release,rnd,rnd,100000,5000,65776,2136752
release,rnd,rnd,100000,10000,112372,2114164
release,rnd,rnd,100000,10000,112828,2262443
release,rnd,rnd,100000,10000,113032,2145922
release,rnd,rnd,100000,10000,113147,2049180
release,rnd,rnd,100000,10000,114064,2123142
release,rnd,rnd,100000,25000,123183,2109704
release,rnd,rnd,100000,25000,124054,2164502
release,rnd,rnd,100000,25000,124223,2136752
release,rnd,rnd,100000,25000,124890,2114164
release,rnd,rnd,100000,25000,125187,2123142
release,rnd,rnd,100000,50000,54677,2150537
release,rnd,rnd,100000,50000,55766,2159827
release,rnd,rnd,100000,50000,56060,2127659
release,rnd,rnd,100000,50000,56082,2145922
release,rnd,rnd,100000,50000,56458,2123142
release,rnd,rnd,100000,100000,15871,2024291
release,rnd,rnd,100000,100000,15928,2016129
release,rnd,rnd,100000,100000,16011,2032520
release,rnd,rnd,100000,100000,16027,2004008
release,rnd,rnd,100000,100000,16056,2040816
release,rnd,rnd,1000000,5000,21656,1338688
release,rnd,rnd,1000000,5000,21861,1282051
release,rnd,rnd,1000000,5000,21884,1336898
release,rnd,rnd,1000000,5000,21929,1336898
release,rnd,rnd,1000000,5000,22108,1270648
release,rnd,rnd,1000000,10000,32785,1280409
release,rnd,rnd,1000000,10000,32998,1242236
release,rnd,rnd,1000000,10000,33041,1273885
release,rnd,rnd,1000000,10000,33106,1275510
release,rnd,rnd,1000000,10000,33225,1262626
release,rnd,rnd,1000000,25000,65006,1315789
release,rnd,rnd,1000000,25000,65535,1319261
release,rnd,rnd,1000000,25000,65547,1291989
release,rnd,rnd,1000000,25000,65668,1319261
release,rnd,rnd,1000000,25000,66072,1307189
release,rnd,rnd,1000000,50000,117000,1321003
release,rnd,rnd,1000000,50000,117082,1321003
release,rnd,rnd,1000000,50000,117426,1322751
release,rnd,rnd,1000000,50000,117591,1319261
release,rnd,rnd,1000000,50000,117868,1312335
release,rnd,rnd,1000000,100000,97040,1317523
release,rnd,rnd,1000000,100000,98000,1307189
release,rnd,rnd,1000000,100000,98068,1302083
release,rnd,rnd,1000000,100000,98183,1310615
release,rnd,rnd,1000000,100000,98280,1312335
release,rnd,seq,100000,5000,65201,58823529
release,rnd,seq,100000,5000,65496,58823529
release,rnd,seq,100000,5000,65578,58823529
release,rnd,seq,100000,5000,65603,58823529
release,rnd,seq,100000,5000,66128,58823529
release,rnd,seq,100000,10000,110132,58823529
release,rnd,seq,100000,10000,111906,58823529
release,rnd,seq,100000,10000,111969,55555555
release,rnd,seq,100000,10000,112195,58823529
release,rnd,seq,100000,10000,113468,58823529
release,rnd,seq,100000,25000,124766,58823529
release,rnd,seq,100000,25000,124890,58823529
release,rnd,seq,100000,25000,124921,58823529
release,rnd,seq,100000,25000,126566,58823529
release,rnd,seq,100000,25000,128468,58823529
release,rnd,seq,100000,50000,56344,58823529
release,rnd,seq,100000,50000,56573,58823529
release,rnd,seq,100000,50000,56577,58823529
release,rnd,seq,100000,50000,56785,58823529
release,rnd,seq,100000,50000,57286,58823529
release,rnd,seq,100000,100000,16264,55555555
release,rnd,seq,100000,100000,16354,55555555
release,rnd,seq,100000,100000,16368,55555555
release,rnd,seq,100000,100000,16410,55555555
release,rnd,seq,100000,100000,16420,55555555
release,rnd,seq,1000000,5000,21938,52631578
release,rnd,seq,1000000,5000,22070,55555555
release,rnd,seq,1000000,5000,22078,55555555
release,rnd,seq,1000000,5000,22095,52631578
release,rnd,seq,1000000,5000,22367,52631578
release,rnd,seq,1000000,10000,31978,55555555
release,rnd,seq,1000000,10000,32059,52631578
release,rnd,seq,1000000,10000,32392,55555555
release,rnd,seq,1000000,10000,32997,55555555
release,rnd,seq,1000000,10000,33113,55555555
release,rnd,seq,1000000,25000,62601,55555555
release,rnd,seq,1000000,25000,63722,52631578
release,rnd,seq,1000000,25000,65634,55555555
release,rnd,seq,1000000,25000,65728,55555555
release,rnd,seq,1000000,25000,65871,52631578
release,rnd,seq,1000000,50000,114090,55555555
release,rnd,seq,1000000,50000,115420,55555555
release,rnd,seq,1000000,50000,115647,55555555
release,rnd,seq,1000000,50000,117564,55555555
release,rnd,seq,1000000,50000,117994,55555555
release,rnd,seq,1000000,100000,95047,52631578
release,rnd,seq,1000000,100000,96116,55555555
release,rnd,seq,1000000,100000,96655,55555555
release,rnd,seq,1000000,100000,97304,55555555
release,rnd,seq,1000000,100000,97876,55555555
release,rnd-nest,rnd,100000,5000,76359,1727115
release,rnd-nest,rnd,100000,5000,78771,1700680
release,rnd-nest,rnd,100000,5000,79428,1739130
release,rnd-nest,rnd,100000,5000,79453,1706484
release,rnd-nest,rnd,100000,5000,79904,1721170
release,rnd-nest,rnd,100000,10000,91928,1631321
release,rnd-nest,rnd,100000,10000,92114,1618122
release,rnd-nest,rnd,100000,10000,92182,1626016
release,rnd-nest,rnd,100000,10000,92353,1628664
release,rnd-nest,rnd,100000,10000,93066,1633986
release,rnd-nest,rnd,100000,25000,56689,1623376
release,rnd-nest,rnd,100000,25000,56866,1615508
release,rnd-nest,rnd,100000,25000,57214,1636661
release,rnd-nest,rnd,100000,25000,57484,1631321
release,rnd-nest,rnd,100000,25000,57730,1620745
release,rnd-nest,rnd,100000,50000,31589,1620745
release,rnd-nest,rnd,100000,50000,31600,1599999
release,rnd-nest,rnd,100000,50000,31600,1615508
release,rnd-nest,rnd,100000,50000,31676,1628664
release,rnd-nest,rnd,100000,50000,31714,1620745
release,rnd-nest,rnd,1000000,5000,79968,1104972
release,rnd-nest,rnd,1000000,5000,80301,1101321
release,rnd-nest,rnd,1000000,5000,80398,1101321
release,rnd-nest,rnd,1000000,5000,80632,1100110
release,rnd-nest,rnd,1000000,5000,80690,1106194
release,rnd-nest,rnd,1000000,10000,94161,1066098
release,rnd-nest,rnd,1000000,10000,94661,1088139
release,rnd-nest,rnd,1000000,10000,95183,980392
release,rnd-nest,rnd,1000000,10000,95712,1094091
release,rnd-nest,rnd,1000000,10000,96181,1082251
release,rnd-nest,rnd,1000000,25000,58018,1103752
release,rnd-nest,rnd,1000000,25000,58764,1131221
release,rnd-nest,rnd,1000000,25000,58913,1118568
release,rnd-nest,rnd,1000000,25000,58920,1127395
release,rnd-nest,rnd,1000000,25000,58993,1117318
release,rnd-nest,rnd,1000000,50000,31617,1096491
release,rnd-nest,rnd,1000000,50000,31927,1088139
release,rnd-nest,rnd,1000000,50000,32008,1129943
release,rnd-nest,rnd,1000000,50000,32033,1119820
release,rnd-nest,rnd,1000000,50000,32052,1122334
release,rnd-nest,seq,100000,5000,79145,62499999
release,rnd-nest,seq,100000,5000,79789,62499999
release,rnd-nest,seq,100000,5000,79980,62499999
release,rnd-nest,seq,100000,5000,80301,62499999
release,rnd-nest,seq,100000,5000,80808,62499999
release,rnd-nest,seq,100000,10000,92370,62499999
release,rnd-nest,seq,100000,10000,92421,62499999
release,rnd-nest,seq,100000,10000,92472,62499999
release,rnd-nest,seq,100000,10000,92575,62499999
release,rnd-nest,seq,100000,10000,92954,62499999
release,rnd-nest,seq,100000,25000,57191,62499999
release,rnd-nest,seq,100000,25000,57316,62499999
release,rnd-nest,seq,100000,25000,57375,62499999
release,rnd-nest,seq,100000,25000,57434,62499999
release,rnd-nest,seq,100000,25000,57524,62499999
release,rnd-nest,seq,100000,50000,31341,58823529
release,rnd-nest,seq,100000,50000,31524,62499999
release,rnd-nest,seq,100000,50000,31526,62499999
release,rnd-nest,seq,100000,50000,31695,62499999
release,rnd-nest,seq,100000,50000,31817,62499999
release,rnd-nest,seq,1000000,5000,81076,55555555
release,rnd-nest,seq,1000000,5000,81320,55555555
release,rnd-nest,seq,1000000,5000,81446,55555555
release,rnd-nest,seq,1000000,5000,81759,55555555
release,rnd-nest,seq,1000000,5000,81967,55555555
release,rnd-nest,seq,1000000,10000,96302,55555555
release,rnd-nest,seq,1000000,10000,96302,55555555
release,rnd-nest,seq,1000000,10000,96571,55555555
release,rnd-nest,seq,1000000,10000,96665,55555555
release,rnd-nest,seq,1000000,10000,96739,55555555
release,rnd-nest,seq,1000000,25000,58972,55555555
release,rnd-nest,seq,1000000,25000,59028,55555555
release,rnd-nest,seq,1000000,25000,59164,55555555
release,rnd-nest,seq,1000000,25000,59171,55555555
release,rnd-nest,seq,1000000,25000,59220,55555555
release,rnd-nest,seq,1000000,50000,30808,55555555
release,rnd-nest,seq,1000000,50000,31968,55555555
release,rnd-nest,seq,1000000,50000,32014,55555555
release,rnd-nest,seq,1000000,50000,32041,55555555
release,rnd-nest,seq,1000000,50000,32068,55555555
release,seq,rnd,100000,5000,91659,2087682
release,seq,rnd,100000,5000,92481,2074688
release,seq,rnd,100000,5000,93135,2074688
release,seq,rnd,100000,5000,93153,2087682
release,seq,rnd,100000,5000,93283,2087682
release,seq,rnd,100000,10000,160901,2114164
release,seq,rnd,100000,10000,160952,2092050
release,seq,rnd,100000,10000,163585,2070393
release,seq,rnd,100000,10000,164446,2083333
release,seq,rnd,100000,10000,165316,2057613
release,seq,rnd,100000,25000,282007,2053388
release,seq,rnd,100000,25000,282965,2092050
release,seq,rnd,100000,25000,284900,2070393
release,seq,rnd,100000,25000,285877,2100840
release,seq,rnd,100000,25000,286204,2114164
release,seq,rnd,100000,50000,409165,2109704
release,seq,rnd,100000,50000,410509,2092050
release,seq,rnd,100000,50000,412371,2100840
release,seq,rnd,100000,50000,413564,2070393
release,seq,rnd,100000,50000,414593,2100840
release,seq,rnd,100000,100000,566572,2114164
release,seq,rnd,100000,100000,569476,2105263
release,seq,rnd,100000,100000,570125,2100840
release,seq,rnd,100000,100000,571755,2092050
release,seq,rnd,100000,100000,575705,2118644
release,seq,rnd,1000000,5000,94179,1280409
release,seq,rnd,1000000,5000,95238,1196172
release,seq,rnd,1000000,5000,95492,1272264
release,seq,rnd,1000000,5000,96413,1242236
release,seq,rnd,1000000,5000,97570,1272264
release,seq,rnd,1000000,10000,171262,1164144
release,seq,rnd,1000000,10000,172562,1269035
release,seq,rnd,1000000,10000,173190,1231527
release,seq,rnd,1000000,10000,173370,1267427
release,seq,rnd,1000000,10000,173641,1272264
release,seq,rnd,1000000,25000,324886,1194743
release,seq,rnd,1000000,25000,327225,1175088
release,seq,rnd,1000000,25000,327546,1154734
release,seq,rnd,1000000,25000,330033,1196172
release,seq,rnd,1000000,25000,330578,1191895
release,seq,rnd,1000000,50000,467289,1218026
release,seq,rnd,1000000,50000,468603,1186239
release,seq,rnd,1000000,50000,472143,1219512
release,seq,rnd,1000000,50000,474383,1236093
release,seq,rnd,1000000,50000,478697,1200480
release,seq,rnd,1000000,100000,556483,1251564
release,seq,rnd,1000000,100000,567536,1212121
release,seq,rnd,1000000,100000,568181,1199040
release,seq,rnd,1000000,100000,568828,1204819
release,seq,rnd,1000000,100000,574382,1243781
release,seq,rnd,1000000,250000,634517,1248439
release,seq,rnd,1000000,250000,637755,1275510
release,seq,rnd,1000000,250000,645994,1295336
release,seq,rnd,1000000,250000,653167,1282051
release,seq,rnd,1000000,250000,657030,1282051
release,seq,rnd,1000000,500000,709723,1221001
release,seq,rnd,1000000,500000,709723,1278772
release,seq,rnd,1000000,500000,711237,1225490
release,seq,rnd,1000000,500000,716332,1242236
release,seq,rnd,1000000,500000,719424,1277139
release,seq,seq,100000,5000,85302,55555555
release,seq,seq,100000,5000,87834,55555555
release,seq,seq,100000,5000,92566,55555555
release,seq,seq,100000,5000,92910,55555555
release,seq,seq,100000,5000,93782,55555555
release,seq,seq,100000,10000,161812,55555555
release,seq,seq,100000,10000,162284,55555555
release,seq,seq,100000,10000,162839,55555555
release,seq,seq,100000,10000,163291,55555555
release,seq,seq,100000,10000,165125,55555555
release,seq,seq,100000,25000,282326,55555555
release,seq,seq,100000,25000,282805,55555555
release,seq,seq,100000,25000,283607,55555555
release,seq,seq,100000,25000,283687,55555555
release,seq,seq,100000,25000,288267,55555555
release,seq,seq,100000,50000,404203,55555555
release,seq,seq,100000,50000,407000,55555555
release,seq,seq,100000,50000,410677,55555555
release,seq,seq,100000,50000,413907,55555555
release,seq,seq,100000,50000,417710,55555555
release,seq,seq,100000,100000,493827,55555555
release,seq,seq,100000,100000,564652,55555555
release,seq,seq,100000,100000,566893,55555555
release,seq,seq,100000,100000,569151,55555555
release,seq,seq,100000,100000,577034,55555555
release,seq,seq,1000000,5000,94993,52631578
release,seq,seq,1000000,5000,95075,52631578
release,seq,seq,1000000,5000,95111,52631578
release,seq,seq,1000000,5000,95120,52631578
release,seq,seq,1000000,5000,96107,52631578
release,seq,seq,1000000,10000,173550,52631578
release,seq,seq,1000000,10000,173641,52631578
release,seq,seq,1000000,10000,173973,52631578
release,seq,seq,1000000,10000,174611,52631578
release,seq,seq,1000000,10000,178316,52631578
release,seq,seq,1000000,25000,327011,52631578
release,seq,seq,1000000,25000,328947,52631578
release,seq,seq,1000000,25000,329924,52631578
release,seq,seq,1000000,25000,330906,52631578
release,seq,seq,1000000,25000,333000,52631578
release,seq,seq,1000000,50000,471920,52631578
release,seq,seq,1000000,50000,475059,52631578
release,seq,seq,1000000,50000,476871,52631578
release,seq,seq,1000000,50000,477099,52631578
release,seq,seq,1000000,50000,478240,52631578
release,seq,seq,1000000,100000,571428,52631578
release,seq,seq,1000000,100000,573723,52631578
release,seq,seq,1000000,100000,574382,52631578
release,seq,seq,1000000,100000,576368,52631578
release,seq,seq,1000000,100000,577700,52631578
release,seq,seq,1000000,250000,644329,52631578
release,seq,seq,1000000,250000,656598,52631578
release,seq,seq,1000000,250000,658327,52631578
release,seq,seq,1000000,250000,662690,50000000
release,seq,seq,1000000,250000,665335,52631578
release,seq,seq,1000000,500000,710227,50000000
release,seq,seq,1000000,500000,718390,50000000
release,seq,seq,1000000,500000,720980,50000000
release,seq,seq,1000000,500000,724112,52631578
release,seq,seq,1000000,500000,726216,50000000
release,seq-nest,rnd,100000,5000,92319,1724137
release,seq-nest,rnd,100000,5000,93187,1730103
release,seq-nest,rnd,100000,5000,93976,1730103
release,seq-nest,rnd,100000,5000,94117,1715265
release,seq-nest,rnd,100000,5000,95120,1727115
release,seq-nest,rnd,100000,10000,164527,1642036
release,seq-nest,rnd,100000,10000,164690,1631321
release,seq-nest,rnd,100000,10000,165562,1633986
release,seq-nest,rnd,100000,10000,166112,1620745
release,seq-nest,rnd,100000,10000,166638,1536098
release,seq-nest,rnd,100000,25000,294290,1647446
release,seq-nest,rnd,100000,25000,298151,1574803
release,seq-nest,rnd,100000,25000,300751,1599999
release,seq-nest,rnd,100000,25000,301114,1517450
release,seq-nest,rnd,100000,25000,301932,1564945
release,seq-nest,rnd,100000,50000,423370,1584786
release,seq-nest,rnd,100000,50000,424268,1628664
release,seq-nest,rnd,100000,50000,424989,1615508
release,seq-nest,rnd,100000,50000,425894,1631321
release,seq-nest,rnd,100000,50000,433087,1618122
release,seq-nest,rnd,100000,100000,564015,1599999
release,seq-nest,rnd,100000,100000,564652,1582278
release,seq-nest,rnd,100000,100000,565930,1599999
release,seq-nest,rnd,100000,100000,566572,1615508
release,seq-nest,rnd,100000,100000,570125,1592356
release,seq-nest,rnd,1000000,5000,94091,1117318
release,seq-nest,rnd,1000000,5000,95574,1114827
release,seq-nest,rnd,1000000,5000,96043,1109877
release,seq-nest,rnd,1000000,5000,96525,1101321
release,seq-nest,rnd,1000000,5000,96683,1107419
release,seq-nest,rnd,1000000,10000,175654,1096491
release,seq-nest,rnd,1000000,10000,177493,1103752
release,seq-nest,rnd,1000000,10000,177714,1101321
release,seq-nest,rnd,1000000,10000,178221,1094091
release,seq-nest,rnd,1000000,10000,178699,1108647
release,seq-nest,rnd,1000000,25000,329706,1113585
release,seq-nest,rnd,1000000,25000,342465,1086956
release,seq-nest,rnd,1000000,25000,347584,1089324
release,seq-nest,rnd,1000000,25000,348675,1083423
release,seq-nest,rnd,1000000,25000,350262,1112347
release,seq-nest,rnd,1000000,50000,524383,1119820
release,seq-nest,rnd,1000000,50000,524658,1116071
release,seq-nest,rnd,1000000,50000,525486,1122334
release,seq-nest,rnd,1000000,50000,526315,1117318
release,seq-nest,rnd,1000000,50000,526870,1118568
release,seq-nest,rnd,1000000,100000,631313,1118568
release,seq-nest,rnd,1000000,100000,641025,1127395
release,seq-nest,rnd,1000000,100000,642673,1126126
release,seq-nest,rnd,1000000,100000,646830,1101321
release,seq-nest,rnd,1000000,100000,648088,1123595
release,seq-nest,rnd,1000000,250000,761614,1138952
release,seq-nest,rnd,1000000,250000,762195,1096491
release,seq-nest,rnd,1000000,250000,762195,1137656
release,seq-nest,rnd,1000000,250000,764525,1138952
release,seq-nest,rnd,1000000,250000,766283,1136363
release,seq-nest,rnd,1000000,500000,786163,1121076
release,seq-nest,rnd,1000000,500000,791765,1103752
release,seq-nest,rnd,1000000,500000,791765,1133786
release,seq-nest,rnd,1000000,500000,794281,1126126
release,seq-nest,rnd,1000000,500000,805801,1114827
release,seq-nest,seq,100000,5000,92644,62499999
release,seq-nest,seq,100000,5000,93799,62499999
release,seq-nest,seq,100000,5000,94055,62499999
release,seq-nest,seq,100000,5000,94215,62499999
release,seq-nest,seq,100000,5000,97257,62499999
release,seq-nest,seq,100000,10000,164338,62499999
release,seq-nest,seq,100000,10000,164717,62499999
release,seq-nest,seq,100000,10000,164717,62499999
release,seq-nest,seq,100000,10000,165947,62499999
release,seq-nest,seq,100000,10000,166251,62499999
release,seq-nest,seq,100000,25000,297885,62499999
release,seq-nest,seq,100000,25000,299043,62499999
release,seq-nest,seq,100000,25000,299940,62499999
release,seq-nest,seq,100000,25000,302114,62499999
release,seq-nest,seq,100000,25000,320924,62499999
release,seq-nest,seq,100000,50000,426985,62499999
release,seq-nest,seq,100000,50000,428632,62499999
release,seq-nest,seq,100000,50000,428632,62499999
release,seq-nest,seq,100000,50000,429000,62499999
release,seq-nest,seq,100000,50000,432900,62499999
release,seq-nest,seq,100000,100000,565610,62499999
release,seq-nest,seq,100000,100000,565930,62499999
release,seq-nest,seq,100000,100000,570125,62499999
release,seq-nest,seq,100000,100000,570450,62499999
release,seq-nest,seq,100000,100000,572082,55555555
release,seq-nest,seq,1000000,5000,96126,55555555
release,seq-nest,seq,1000000,5000,96385,55555555
release,seq-nest,seq,1000000,5000,96665,55555555
release,seq-nest,seq,1000000,5000,96880,55555555
release,seq-nest,seq,1000000,5000,96964,55555555
release,seq-nest,seq,1000000,10000,175870,55555555
release,seq-nest,seq,1000000,10000,178030,55555555
release,seq-nest,seq,1000000,10000,179533,55555555
release,seq-nest,seq,1000000,10000,183823,55555555
release,seq-nest,seq,1000000,10000,185666,55555555
release,seq-nest,seq,1000000,25000,349406,55555555
release,seq-nest,seq,1000000,25000,351000,55555555
release,seq-nest,seq,1000000,25000,351741,55555555
release,seq-nest,seq,1000000,25000,351988,55555555
release,seq-nest,seq,1000000,25000,352485,55555555
release,seq-nest,seq,1000000,50000,517598,55555555
release,seq-nest,seq,1000000,50000,522193,55555555
release,seq-nest,seq,1000000,50000,526592,55555555
release,seq-nest,seq,1000000,50000,527426,55555555
release,seq-nest,seq,1000000,50000,528262,55555555
release,seq-nest,seq,1000000,100000,643500,55555555
release,seq-nest,seq,1000000,100000,647668,55555555
release,seq-nest,seq,1000000,100000,648088,55555555
release,seq-nest,seq,1000000,100000,649350,55555555
release,seq-nest,seq,1000000,100000,650195,55555555
release,seq-nest,seq,1000000,250000,763941,55555555
release,seq-nest,seq,1000000,250000,771604,55555555
release,seq-nest,seq,1000000,250000,772200,55555555
release,seq-nest,seq,1000000,250000,775193,55555555
release,seq-nest,seq,1000000,250000,775795,55555555
release,seq-nest,seq,1000000,500000,775193,55555555
release,seq-nest,seq,1000000,500000,793650,55555555
release,seq-nest,seq,1000000,500000,794281,55555555
release,seq-nest,seq,1000000,500000,796178,55555555
release,seq-nest,seq,1000000,500000,799360,55555555
unsafe,rnd,rnd,100000,5000,65210,2202643
unsafe,rnd,rnd,100000,5000,65240,2212389
unsafe,rnd,rnd,100000,5000,65389,2192982
unsafe,rnd,rnd,100000,5000,65517,2212389
unsafe,rnd,rnd,100000,5000,66076,2222222
unsafe,rnd,rnd,100000,10000,110619,2164502
unsafe,rnd,rnd,100000,10000,112866,2202643
unsafe,rnd,rnd,100000,10000,113404,2232142
unsafe,rnd,rnd,100000,10000,113442,2150537
unsafe,rnd,rnd,100000,10000,114364,2217294
unsafe,rnd,rnd,100000,25000,124161,2207505
unsafe,rnd,rnd,100000,25000,124501,2188183
unsafe,rnd,rnd,100000,25000,124781,2164502
unsafe,rnd,rnd,100000,25000,124906,2197802
unsafe,rnd,rnd,100000,25000,125203,2197802
unsafe,rnd,rnd,100000,50000,56091,2222222
unsafe,rnd,rnd,100000,50000,56205,2192982
unsafe,rnd,rnd,100000,50000,56252,2169197
unsafe,rnd,rnd,100000,50000,56265,2178649
unsafe,rnd,rnd,100000,50000,56309,2207505
unsafe,rnd,rnd,100000,100000,16151,2040816
unsafe,rnd,rnd,100000,100000,16162,2040816
unsafe,rnd,rnd,100000,100000,16186,2074688
unsafe,rnd,rnd,100000,100000,16197,2066115
unsafe,rnd,rnd,100000,100000,16229,2074688
unsafe,rnd,rnd,1000000,5000,21572,1322751
unsafe,rnd,rnd,1000000,5000,21597,1317523
unsafe,rnd,rnd,1000000,5000,21607,1315789
unsafe,rnd,rnd,1000000,5000,21650,1270648
unsafe,rnd,rnd,1000000,5000,21692,1321003
unsafe,rnd,rnd,1000000,10000,31489,1265822
unsafe,rnd,rnd,1000000,10000,31678,1269035
unsafe,rnd,rnd,1000000,10000,31789,1264222
unsafe,rnd,rnd,1000000,10000,31962,1315789
unsafe,rnd,rnd,1000000,10000,32014,1270648
unsafe,rnd,rnd,1000000,25000,62668,1278772
unsafe,rnd,rnd,1000000,25000,62754,1275510
unsafe,rnd,rnd,1000000,25000,63203,1280409
unsafe,rnd,rnd,1000000,25000,63391,1253132
unsafe,rnd,rnd,1000000,25000,63407,1288659
unsafe,rnd,rnd,1000000,50000,114652,1298701
unsafe,rnd,rnd,1000000,50000,115008,1298701
unsafe,rnd,rnd,1000000,50000,115114,1302083
unsafe,rnd,rnd,1000000,50000,115433,1307189
unsafe,rnd,rnd,1000000,50000,115995,1236093
unsafe,rnd,rnd,1000000,100000,92464,1295336
unsafe,rnd,rnd,1000000,100000,96805,1285347
unsafe,rnd,rnd,1000000,100000,96842,1291989
unsafe,rnd,rnd,1000000,100000,96936,1278772
unsafe,rnd,rnd,1000000,100000,96964,1287001
unsafe,rnd,seq,100000,5000,63893,58823529
unsafe,rnd,seq,100000,5000,64416,58823529
unsafe,rnd,seq,100000,5000,65053,58823529
unsafe,rnd,seq,100000,5000,65496,52631578
unsafe,rnd,seq,100000,5000,65793,58823529
unsafe,rnd,seq,100000,10000,109817,58823529
unsafe,rnd,seq,100000,10000,110363,58823529
unsafe,rnd,seq,100000,10000,112650,58823529
unsafe,rnd,seq,100000,10000,113726,58823529
unsafe,rnd,seq,100000,10000,114194,62499999
unsafe,rnd,seq,100000,25000,123931,58823529
unsafe,rnd,seq,100000,25000,124937,58823529
unsafe,rnd,seq,100000,25000,125313,58823529
unsafe,rnd,seq,100000,25000,125486,58823529
unsafe,rnd,seq,100000,25000,126598,58823529
unsafe,rnd,seq,100000,50000,56303,58823529
unsafe,rnd,seq,100000,50000,56766,58823529
unsafe,rnd,seq,100000,50000,56811,58823529
unsafe,rnd,seq,100000,50000,56954,58823529
unsafe,rnd,seq,100000,50000,57058,58823529
unsafe,rnd,seq,100000,100000,15997,55555555
unsafe,rnd,seq,100000,100000,16228,58823529
unsafe,rnd,seq,100000,100000,16262,58823529
unsafe,rnd,seq,100000,100000,16325,58823529
unsafe,rnd,seq,100000,100000,16353,58823529
unsafe,rnd,seq,1000000,5000,22024,55555555
unsafe,rnd,seq,1000000,5000,22356,55555555
unsafe,rnd,seq,1000000,5000,22442,55555555
unsafe,rnd,seq,1000000,5000,22477,55555555
unsafe,rnd,seq,1000000,5000,22494,55555555
unsafe,rnd,seq,1000000,10000,32008,55555555
unsafe,rnd,seq,1000000,10000,32214,55555555
unsafe,rnd,seq,1000000,10000,32954,55555555
unsafe,rnd,seq,1000000,10000,33331,55555555
unsafe,rnd,seq,1000000,10000,33351,55555555
unsafe,rnd,seq,1000000,25000,63463,52631578
unsafe,rnd,seq,1000000,25000,63572,55555555
unsafe,rnd,seq,1000000,25000,63597,55555555
unsafe,rnd,seq,1000000,25000,63885,55555555
unsafe,rnd,seq,1000000,25000,63987,52631578
unsafe,rnd,seq,1000000,50000,115088,55555555
unsafe,rnd,seq,1000000,50000,115740,55555555
unsafe,rnd,seq,1000000,50000,116076,55555555
unsafe,rnd,seq,1000000,50000,116252,55555555
unsafe,rnd,seq,1000000,50000,116726,55555555
unsafe,rnd,seq,1000000,100000,96936,55555555
unsafe,rnd,seq,1000000,100000,96955,55555555
unsafe,rnd,seq,1000000,100000,97153,55555555
unsafe,rnd,seq,1000000,100000,97304,55555555
unsafe,rnd,seq,1000000,100000,97503,55555555
unsafe,rnd-nest,rnd,100000,5000,78864,1805054
unsafe,rnd-nest,rnd,100000,5000,79465,1788908
unsafe,rnd-nest,rnd,100000,5000,79884,1779359
unsafe,rnd-nest,rnd,100000,5000,79891,1788908
unsafe,rnd-nest,rnd,100000,5000,80115,1834862
unsafe,rnd-nest,rnd,100000,10000,91107,1644736
unsafe,rnd-nest,rnd,100000,10000,91124,1689189
unsafe,rnd-nest,rnd,100000,10000,91274,1623376
unsafe,rnd-nest,rnd,100000,10000,92233,1636661
unsafe,rnd-nest,rnd,100000,10000,92592,1628664
unsafe,rnd-nest,rnd,100000,25000,56711,1718213
unsafe,rnd-nest,rnd,100000,25000,57051,1715265
unsafe,rnd-nest,rnd,100000,25000,57116,1569858
unsafe,rnd-nest,rnd,100000,25000,57116,1712328
unsafe,rnd-nest,rnd,100000,25000,57623,1706484
unsafe,rnd-nest,rnd,100000,50000,31389,1686340
unsafe,rnd-nest,rnd,100000,50000,31392,1724137
unsafe,rnd-nest,rnd,100000,50000,31427,1709401
unsafe,rnd-nest,rnd,100000,50000,31547,1683501
unsafe,rnd-nest,rnd,100000,50000,31823,1700680
unsafe,rnd-nest,rnd,1000000,5000,78963,1090512
unsafe,rnd-nest,rnd,1000000,5000,79434,1142857
unsafe,rnd-nest,rnd,1000000,5000,79630,1133786
unsafe,rnd-nest,rnd,1000000,5000,80000,1141552
unsafe,rnd-nest,rnd,1000000,5000,80134,1142857
unsafe,rnd-nest,rnd,1000000,10000,94705,1142857
unsafe,rnd-nest,rnd,1000000,10000,95183,1132502
unsafe,rnd-nest,rnd,1000000,10000,95283,1144164
unsafe,rnd-nest,rnd,1000000,10000,95337,1131221
unsafe,rnd-nest,rnd,1000000,10000,97181,1132502
unsafe,rnd-nest,rnd,1000000,25000,58207,1156069
unsafe,rnd-nest,rnd,1000000,25000,58596,1148105
unsafe,rnd-nest,rnd,1000000,25000,58637,1152073
unsafe,rnd-nest,rnd,1000000,25000,58713,1148105
unsafe,rnd-nest,rnd,1000000,25000,58737,1145475
unsafe,rnd-nest,rnd,1000000,50000,31932,1154734
unsafe,rnd-nest,rnd,1000000,50000,31951,1166861
unsafe,rnd-nest,rnd,1000000,50000,31960,1161440
unsafe,rnd-nest,rnd,1000000,50000,31981,1160092
unsafe,rnd-nest,rnd,1000000,50000,32013,1158748
unsafe,rnd-nest,seq,100000,5000,76452,62499999
unsafe,rnd-nest,seq,100000,5000,79101,62499999
unsafe,rnd-nest,seq,100000,5000,80141,58823529
unsafe,rnd-nest,seq,100000,5000,80153,58823529
unsafe,rnd-nest,seq,100000,5000,80224,62499999
unsafe,rnd-nest,seq,100000,10000,91190,58823529
unsafe,rnd-nest,seq,100000,10000,91533,58823529
unsafe,rnd-nest,seq,100000,10000,91726,58823529
unsafe,rnd-nest,seq,100000,10000,91768,62499999
unsafe,rnd-nest,seq,100000,10000,91903,58823529
unsafe,rnd-nest,seq,100000,25000,56357,58823529
unsafe,rnd-nest,seq,100000,25000,56769,62499999
unsafe,rnd-nest,seq,100000,25000,56847,62499999
unsafe,rnd-nest,seq,100000,25000,56960,58823529
unsafe,rnd-nest,seq,100000,25000,57103,55555555
unsafe,rnd-nest,seq,100000,50000,29984,55555555
unsafe,rnd-nest,seq,100000,50000,30068,55555555
unsafe,rnd-nest,seq,100000,50000,30343,58823529
unsafe,rnd-nest,seq,100000,50000,30937,58823529
unsafe,rnd-nest,seq,100000,50000,31004,58823529
unsafe,rnd-nest,seq,1000000,5000,79107,55555555
unsafe,rnd-nest,seq,1000000,5000,79757,52631578
unsafe,rnd-nest,seq,1000000,5000,80166,55555555
unsafe,rnd-nest,seq,1000000,5000,80938,55555555
unsafe,rnd-nest,seq,1000000,5000,81360,55555555
unsafe,rnd-nest,seq,1000000,10000,95574,55555555
unsafe,rnd-nest,seq,1000000,10000,95923,55555555
unsafe,rnd-nest,seq,1000000,10000,96126,55555555
unsafe,rnd-nest,seq,1000000,10000,96292,55555555
unsafe,rnd-nest,seq,1000000,10000,96385,55555555
unsafe,rnd-nest,seq,1000000,25000,58941,55555555
unsafe,rnd-nest,seq,1000000,25000,59031,55555555
unsafe,rnd-nest,seq,1000000,25000,59042,55555555
unsafe,rnd-nest,seq,1000000,25000,59084,55555555
unsafe,rnd-nest,seq,1000000,25000,59164,55555555
unsafe,rnd-nest,seq,1000000,50000,32008,55555555
unsafe,rnd-nest,seq,1000000,50000,32021,55555555
unsafe,rnd-nest,seq,1000000,50000,32042,55555555
unsafe,rnd-nest,seq,1000000,50000,32065,55555555
unsafe,rnd-nest,seq,1000000,50000,32087,55555555
unsafe,seq,rnd,100000,5000,91642,2145922
unsafe,seq,rnd,100000,5000,92833,2136752
unsafe,seq,rnd,100000,5000,92997,2132196
unsafe,seq,rnd,100000,5000,93005,2141327
unsafe,seq,rnd,100000,5000,94144,2145922
unsafe,seq,rnd,100000,10000,161733,2118644
unsafe,seq,rnd,100000,10000,161733,2155172
unsafe,seq,rnd,100000,10000,162575,2136752
unsafe,seq,rnd,100000,10000,162601,2145922
unsafe,seq,rnd,100000,10000,163185,2127659
unsafe,seq,rnd,100000,25000,285143,2123142
unsafe,seq,rnd,100000,25000,285306,2127659
unsafe,seq,rnd,100000,25000,286697,2141327
unsafe,seq,rnd,100000,25000,286861,2136752
unsafe,seq,rnd,100000,25000,287273,2155172
unsafe,seq,rnd,100000,50000,407497,2118644
unsafe,seq,rnd,100000,50000,411184,2136752
unsafe,seq,rnd,100000,50000,413736,2164502
unsafe,seq,rnd,100000,50000,414078,2150537
unsafe,seq,rnd,100000,50000,415973,2123142
unsafe,seq,rnd,100000,100000,564334,2145922
unsafe,seq,rnd,100000,100000,575043,2145922
unsafe,seq,rnd,100000,100000,578034,2132196
unsafe,seq,rnd,100000,100000,581395,2132196
unsafe,seq,rnd,100000,100000,582750,2083333
unsafe,seq,rnd,1000000,5000,93423,1295336
unsafe,seq,rnd,1000000,5000,93571,1261034
unsafe,seq,rnd,1000000,5000,93905,1290322
unsafe,seq,rnd,1000000,5000,94020,1283697
unsafe,seq,rnd,1000000,5000,95868,1285347
unsafe,seq,rnd,1000000,10000,170386,1295336
unsafe,seq,rnd,1000000,10000,170852,1282051
unsafe,seq,rnd,1000000,10000,171115,1272264
unsafe,seq,rnd,1000000,10000,171203,1269035
unsafe,seq,rnd,1000000,10000,171850,1269035
unsafe,seq,rnd,1000000,25000,321233,1287001
unsafe,seq,rnd,1000000,25000,325626,1287001
unsafe,seq,rnd,1000000,25000,326583,1283697
unsafe,seq,rnd,1000000,25000,326690,1277139
unsafe,seq,rnd,1000000,25000,327761,1272264
unsafe,seq,rnd,1000000,50000,469483,1287001
unsafe,seq,rnd,1000000,50000,470145,1251564
unsafe,seq,rnd,1000000,50000,470366,1191895
unsafe,seq,rnd,1000000,50000,471031,1285347
unsafe,seq,rnd,1000000,50000,473036,1275510
unsafe,seq,rnd,1000000,100000,569800,1253132
unsafe,seq,rnd,1000000,100000,573394,1261034
unsafe,seq,rnd,1000000,100000,574052,1257861
unsafe,seq,rnd,1000000,100000,576036,1269035
unsafe,seq,rnd,1000000,100000,579038,1259445
unsafe,seq,rnd,1000000,250000,655307,1273885
unsafe,seq,rnd,1000000,250000,658761,1265822
unsafe,seq,rnd,1000000,250000,662690,1261034
unsafe,seq,rnd,1000000,250000,663129,1262626
unsafe,seq,rnd,1000000,250000,664451,1270648
unsafe,seq,rnd,1000000,500000,677966,893655
unsafe,seq,rnd,1000000,500000,693481,1170960
unsafe,seq,rnd,1000000,500000,706713,1256281
unsafe,seq,rnd,1000000,500000,707714,1089324
unsafe,seq,rnd,1000000,500000,715819,1273885
unsafe,seq,seq,100000,5000,90793,58823529
unsafe,seq,seq,100000,5000,91533,58823529
unsafe,seq,seq,100000,5000,92661,58823529
unsafe,seq,seq,100000,5000,92764,55555555
unsafe,seq,seq,100000,5000,93057,55555555
unsafe,seq,seq,100000,10000,159693,55555555
unsafe,seq,seq,100000,10000,160230,58823529
unsafe,seq,seq,100000,10000,162786,58823529
unsafe,seq,seq,100000,10000,163425,58823529
unsafe,seq,seq,100000,10000,163934,58823529
unsafe,seq,seq,100000,25000,273522,58823529
unsafe,seq,seq,100000,25000,279955,58823529
unsafe,seq,seq,100000,25000,284575,55555555
unsafe,seq,seq,100000,25000,284575,58823529
unsafe,seq,seq,100000,25000,285143,58823529
unsafe,seq,seq,100000,50000,409165,58823529
unsafe,seq,seq,100000,50000,411353,58823529
unsafe,seq,seq,100000,50000,412201,58823529
unsafe,seq,seq,100000,50000,412711,58823529
unsafe,seq,seq,100000,50000,413736,58823529
unsafe,seq,seq,100000,100000,521376,58823529
unsafe,seq,seq,100000,100000,562113,58823529
unsafe,seq,seq,100000,100000,563380,58823529
unsafe,seq,seq,100000,100000,565610,58823529
unsafe,seq,seq,100000,100000,566893,58823529
unsafe,seq,seq,1000000,5000,92833,52631578
unsafe,seq,seq,1000000,5000,92971,52631578
unsafe,seq,seq,1000000,5000,93066,52631578
unsafe,seq,seq,1000000,5000,93300,52631578
unsafe,seq,seq,1000000,5000,93501,52631578
unsafe,seq,seq,1000000,10000,169721,52631578
unsafe,seq,seq,1000000,10000,170765,52631578
unsafe,seq,seq,1000000,10000,170794,52631578
unsafe,seq,seq,1000000,10000,170940,52631578
unsafe,seq,seq,1000000,10000,171057,52631578
unsafe,seq,seq,1000000,25000,327546,52631578
unsafe,seq,seq,1000000,25000,327653,52631578
unsafe,seq,seq,1000000,25000,327868,52631578
unsafe,seq,seq,1000000,25000,328407,52631578
unsafe,seq,seq,1000000,25000,328731,52631578
unsafe,seq,seq,1000000,50000,470145,52631578
unsafe,seq,seq,1000000,50000,475285,52631578
unsafe,seq,seq,1000000,50000,475511,52631578
unsafe,seq,seq,1000000,50000,477326,52631578
unsafe,seq,seq,1000000,50000,477783,52631578
unsafe,seq,seq,1000000,100000,566251,52631578
unsafe,seq,seq,1000000,100000,570125,52631578
unsafe,seq,seq,1000000,100000,570450,52631578
unsafe,seq,seq,1000000,100000,571102,52631578
unsafe,seq,seq,1000000,100000,572737,52631578
unsafe,seq,seq,1000000,250000,657894,52631578
unsafe,seq,seq,1000000,250000,658327,52631578
unsafe,seq,seq,1000000,250000,660938,52631578
unsafe,seq,seq,1000000,250000,660938,52631578
unsafe,seq,seq,1000000,250000,668002,52631578
unsafe,seq,seq,1000000,500000,715307,52631578
unsafe,seq,seq,1000000,500000,721500,52631578
unsafe,seq,seq,1000000,500000,724637,52631578
unsafe,seq,seq,1000000,500000,725689,52631578
unsafe,seq,seq,1000000,500000,727802,52631578
unsafe,seq-nest,rnd,100000,5000,93440,1773049
unsafe,seq-nest,rnd,100000,5000,93624,1779359
unsafe,seq-nest,rnd,100000,5000,94598,1763668
unsafe,seq-nest,rnd,100000,5000,94705,1730103
unsafe,seq-nest,rnd,100000,5000,94912,1757469
unsafe,seq-nest,rnd,100000,10000,162469,1650165
unsafe,seq-nest,rnd,100000,10000,164419,1672240
unsafe,seq-nest,rnd,100000,10000,165207,1672240
unsafe,seq-nest,rnd,100000,10000,165562,1672240
unsafe,seq-nest,rnd,100000,10000,167224,1677852
unsafe,seq-nest,rnd,100000,25000,269396,1677852
unsafe,seq-nest,rnd,100000,25000,282885,1677852
unsafe,seq-nest,rnd,100000,25000,295508,1680672
unsafe,seq-nest,rnd,100000,25000,295595,1663893
unsafe,seq-nest,rnd,100000,25000,297265,1683501
unsafe,seq-nest,rnd,100000,50000,417362,1647446
unsafe,seq-nest,rnd,100000,50000,419287,1658374
unsafe,seq-nest,rnd,100000,50000,422654,1647446
unsafe,seq-nest,rnd,100000,50000,426621,1642036
unsafe,seq-nest,rnd,100000,50000,426985,1669449
unsafe,seq-nest,rnd,100000,100000,519210,1663893
unsafe,seq-nest,rnd,100000,100000,526038,1626016
unsafe,seq-nest,rnd,100000,100000,536768,1633986
unsafe,seq-nest,rnd,100000,100000,552486,1644736
unsafe,seq-nest,rnd,100000,100000,555555,1647446
unsafe,seq-nest,rnd,1000000,5000,95356,1135073
unsafe,seq-nest,rnd,1000000,5000,95374,1138952
unsafe,seq-nest,rnd,1000000,5000,95392,1129943
unsafe,seq-nest,rnd,1000000,5000,95684,1140250
unsafe,seq-nest,rnd,1000000,5000,95730,1135073
unsafe,seq-nest,rnd,1000000,10000,176118,1122334
unsafe,seq-nest,rnd,1000000,10000,176522,1131221
unsafe,seq-nest,rnd,1000000,10000,176709,1121076
unsafe,seq-nest,rnd,1000000,10000,176865,1128668
unsafe,seq-nest,rnd,1000000,10000,176991,1129943
unsafe,seq-nest,rnd,1000000,25000,347101,1137656
unsafe,seq-nest,rnd,1000000,25000,347584,1136363
unsafe,seq-nest,rnd,1000000,25000,348189,1136363
unsafe,seq-nest,rnd,1000000,25000,348918,1140250
unsafe,seq-nest,rnd,1000000,25000,349772,1131221
unsafe,seq-nest,rnd,1000000,50000,520291,1136363
unsafe,seq-nest,rnd,1000000,50000,522739,1144164
unsafe,seq-nest,rnd,1000000,50000,523012,1141552
unsafe,seq-nest,rnd,1000000,50000,524658,1138952
unsafe,seq-nest,rnd,1000000,50000,525486,1142857
unsafe,seq-nest,rnd,1000000,100000,642673,1153402
unsafe,seq-nest,rnd,1000000,100000,643915,1145475
unsafe,seq-nest,rnd,1000000,100000,645994,1146788
unsafe,seq-nest,rnd,1000000,100000,647668,1144164
unsafe,seq-nest,rnd,1000000,100000,647668,1149425
unsafe,seq-nest,rnd,1000000,250000,761035,1153402
unsafe,seq-nest,rnd,1000000,250000,763941,1162790
unsafe,seq-nest,rnd,1000000,250000,768639,1133786
unsafe,seq-nest,rnd,1000000,250000,769230,1133786
unsafe,seq-nest,rnd,1000000,250000,777000,1132502
unsafe,seq-nest,rnd,1000000,500000,781860,1154734
unsafe,seq-nest,rnd,1000000,500000,784929,1148105
unsafe,seq-nest,rnd,1000000,500000,785545,1148105
unsafe,seq-nest,rnd,1000000,500000,785545,1156069
unsafe,seq-nest,rnd,1000000,500000,788022,1156069
unsafe,seq-nest,seq,100000,5000,93879,58823529
unsafe,seq-nest,seq,100000,5000,94428,58823529
unsafe,seq-nest,seq,100000,5000,94661,58823529
unsafe,seq-nest,seq,100000,5000,94786,58823529
unsafe,seq-nest,seq,100000,5000,95020,58823529
unsafe,seq-nest,seq,100000,10000,151906,58823529
unsafe,seq-nest,seq,100000,10000,163559,58823529
unsafe,seq-nest,seq,100000,10000,165207,58823529
unsafe,seq-nest,seq,100000,10000,165782,58823529
unsafe,seq-nest,seq,100000,10000,168861,58823529
unsafe,seq-nest,seq,100000,25000,293685,58823529
unsafe,seq-nest,seq,100000,25000,296647,58823529
unsafe,seq-nest,seq,100000,25000,298151,58823529
unsafe,seq-nest,seq,100000,25000,298953,58823529
unsafe,seq-nest,seq,100000,25000,301659,58823529
unsafe,seq-nest,seq,100000,50000,411692,58823529
unsafe,seq-nest,seq,100000,50000,419639,58823529
unsafe,seq-nest,seq,100000,50000,423370,58823529
unsafe,seq-nest,seq,100000,50000,423549,58823529
unsafe,seq-nest,seq,100000,50000,425170,58823529
unsafe,seq-nest,seq,100000,100000,515995,58823529
unsafe,seq-nest,seq,100000,100000,531067,58823529
unsafe,seq-nest,seq,100000,100000,552181,58823529
unsafe,seq-nest,seq,100000,100000,553709,58823529
unsafe,seq-nest,seq,100000,100000,557103,58823529
unsafe,seq-nest,seq,1000000,5000,94921,55555555
unsafe,seq-nest,seq,1000000,5000,95047,52631578
unsafe,seq-nest,seq,1000000,5000,95886,55555555
unsafe,seq-nest,seq,1000000,5000,96043,55555555
unsafe,seq-nest,seq,1000000,5000,96964,52631578
unsafe,seq-nest,seq,1000000,10000,175808,55555555
unsafe,seq-nest,seq,1000000,10000,176584,55555555
unsafe,seq-nest,seq,1000000,10000,176865,55555555
unsafe,seq-nest,seq,1000000,10000,177336,55555555
unsafe,seq-nest,seq,1000000,10000,180505,55555555
unsafe,seq-nest,seq,1000000,25000,345781,55555555
unsafe,seq-nest,seq,1000000,25000,348310,55555555
unsafe,seq-nest,seq,1000000,25000,348310,55555555
unsafe,seq-nest,seq,1000000,25000,348310,55555555
unsafe,seq-nest,seq,1000000,25000,348310,55555555
unsafe,seq-nest,seq,1000000,50000,520833,55555555
unsafe,seq-nest,seq,1000000,50000,523286,55555555
unsafe,seq-nest,seq,1000000,50000,524383,55555555
unsafe,seq-nest,seq,1000000,50000,524934,55555555
unsafe,seq-nest,seq,1000000,50000,526592,55555555
unsafe,seq-nest,seq,1000000,100000,636942,55555555
unsafe,seq-nest,seq,1000000,100000,643500,55555555
unsafe,seq-nest,seq,1000000,100000,645577,55555555
unsafe,seq-nest,seq,1000000,100000,652741,55555555
unsafe,seq-nest,seq,1000000,100000,656598,55555555
unsafe,seq-nest,seq,1000000,250000,769822,55555555
unsafe,seq-nest,seq,1000000,250000,770416,55555555
unsafe,seq-nest,seq,1000000,250000,771010,55555555
unsafe,seq-nest,seq,1000000,250000,772200,55555555
unsafe,seq-nest,seq,1000000,250000,775795,55555555
unsafe,seq-nest,seq,1000000,500000,775795,55555555
unsafe,seq-nest,seq,1000000,500000,775795,55555555
unsafe,seq-nest,seq,1000000,500000,778816,55555555
unsafe,seq-nest,seq,1000000,500000,781860,55555555
unsafe,seq-nest,seq,1000000,500000,791139,55555555
